Rk,Gcar,Gtm,Date,Team,Unnamed: 5,Opp,Result,GS,MP,FG,FGA,FG%,3P,3PA,3P%,2P,2PA,2P%,eFG%,FT,FTA,FT%,ORB,DRB,TRB,AST,STL,BLK,TOV,PF,PTS,GmSc,+/-,SEASON_END,PLAYER_NAME
1,419,1,2023-10-25,MIA,,DET,"W, 103-102",*,32:09,7.0,13.0,.538,0.0,0.0,,7.0,13.0,.538,.538,8.0,10.0,.800,2.0,6.0,8.0,3.0,0.0,2.0,2.0,3.0,22.0,18.4,-4,2024,Bam Adebayo
2,420,2,2023-10-27,MIA,@,BOS,"L, 111-119",*,35:01,10.0,23.0,.435,0.0,0.0,,10.0,23.0,.435,.435,7.0,9.0,.778,3.0,4.0,7.0,2.0,1.0,2.0,3.0,1.0,27.0,17.8,0,2024,Bam Adebayo
3,421,3,2023-10-28,MIA,@,MIN,"L, 90-106",*,32:54,7.0,14.0,.500,0.0,1.0,.000,7.0,13.0,.538,.500,5.0,10.0,.500,1.0,2.0,3.0,2.0,0.0,0.0,4.0,4.0,19.0,7.1,-10,2024,Bam Adebayo
4,422,5,2023-11-01,MIA,,BRK,"L, 105-109",*,33:06,8.0,12.0,.667,0.0,0.0,,8.0,12.0,.667,.667,5.0,5.0,1.000,4.0,10.0,14.0,3.0,2.0,2.0,4.0,0.0,21.0,23.1,5,2024,Bam Adebayo
5,423,6,2023-11-03,MIA,,WAS,"W, 121-114",*,29:59,8.0,15.0,.533,0.0,0.0,,8.0,15.0,.533,.533,2.0,2.0,1.000,0.0,4.0,4.0,3.0,0.0,0.0,4.0,3.0,18.0,8.8,6,2024,Bam Adebayo
6,424,7,2023-11-06,MIA,,LAL,"W, 108-107",*,38:19,9.0,20.0,.450,1.0,1.0,1.000,8.0,19.0,.421,.475,3.0,5.0,.600,5.0,14.0,19.0,10.0,2.0,2.0,4.0,2.0,22.0,24.1,5,2024,Bam Adebayo
7,425,8,2023-11-08,MIA,@,MEM,"W, 108-102",*,36:23,8.0,15.0,.533,0.0,0.0,,8.0,15.0,.533,.533,14.0,16.0,.875,0.0,11.0,11.0,1.0,1.0,3.0,4.0,5.0,30.0,23.0,15,2024,Bam Adebayo
8,426,9,2023-11-11,MIA,@,ATL,"W, 117-109",*,39:21,9.0,12.0,.750,0.0,0.0,,9.0,12.0,.750,.750,8.0,8.0,1.000,4.0,13.0,17.0,4.0,2.0,2.0,3.0,2.0,26.0,30.3,-5,2024,Bam Adebayo
9,427,10,2023-11-12,MIA,@,SAS,"W, 118-113",*,34:17,10.0,20.0,.500,0.0,0.0,,10.0,20.0,.500,.500,4.0,5.0,.800,4.0,7.0,11.0,6.0,3.0,0.0,0.0,0.0,24.0,25.7,-10,2024,Bam Adebayo
10,428,11,2023-11-14,MIA,@,CHO,"W, 111-105",*,35:56,8.0,16.0,.500,0.0,0.0,,8.0,16.0,.500,.500,5.0,6.0,.833,0.0,11.0,11.0,4.0,3.0,1.0,1.0,3.0,21.0,20.2,1,2024,Bam Adebayo
11,429,12,2023-11-16,MIA,,BRK,"W, 122-115",*,33:31,8.0,15.0,.533,0.0,0.0,,8.0,15.0,.533,.533,4.0,4.0,1.000,2.0,5.0,7.0,4.0,2.0,0.0,2.0,2.0,20.0,17.6,-6,2024,Bam Adebayo
12,430,13,2023-11-18,MIA,@,CHI,"L, 97-102",*,35:55,8.0,12.0,.667,0.0,0.0,,8.0,12.0,.667,.667,8.0,8.0,1.000,1.0,9.0,10.0,5.0,0.0,0.0,3.0,3.0,24.0,21.5,-1,2024,Bam Adebayo
13,431,14,2023-11-20,MIA,@,CHI,"W, 118-100",*,30:27,8.0,14.0,.571,0.0,0.0,,8.0,14.0,.571,.571,7.0,9.0,.778,3.0,8.0,11.0,6.0,1.0,0.0,1.0,3.0,23.0,23.1,7,2024,Bam Adebayo
14,432,16,2023-11-24,MIA,@,NYK,"L, 98-100",*,34:47,8.0,16.0,.500,0.0,1.0,.000,8.0,15.0,.533,.500,5.0,6.0,.833,2.0,10.0,12.0,2.0,2.0,0.0,2.0,4.0,21.0,16.8,0,2024,Bam Adebayo
15,433,18,2023-11-28,MIA,,MIL,"L, 124-131",*,42:11,13.0,27.0,.481,0.0,0.0,,13.0,27.0,.481,.481,5.0,7.0,.714,2.0,8.0,10.0,5.0,0.0,2.0,2.0,3.0,31.0,22.0,-16,2024,Bam Adebayo
16,434,19,2023-11-30,MIA,,IND,"W, 142-132",*,12:28,3.0,9.0,.333,0.0,0.0,,3.0,9.0,.333,.333,1.0,2.0,.500,0.0,4.0,4.0,2.0,0.0,0.0,0.0,1.0,7.0,3.7,-2,2024,Bam Adebayo
17,435,27,2023-12-18,MIA,,MIN,"L, 108-112",*,36:29,10.0,22.0,.455,0.0,0.0,,10.0,22.0,.455,.455,2.0,3.0,.667,3.0,3.0,6.0,6.0,1.0,1.0,4.0,3.0,22.0,13.9,-3,2024,Bam Adebayo
18,436,28,2023-12-20,MIA,@,ORL,"W, 115-106",*,29:44,7.0,15.0,.467,0.0,0.0,,7.0,15.0,.467,.467,4.0,5.0,.800,0.0,7.0,7.0,2.0,1.0,0.0,1.0,4.0,18.0,11.8,-6,2024,Bam Adebayo
19,437,29,2023-12-22,MIA,,ATL,"W, 122-113",*,38:04,5.0,14.0,.357,0.0,1.0,.000,5.0,13.0,.385,.357,8.0,10.0,.800,2.0,9.0,11.0,6.0,2.0,0.0,6.0,2.0,18.0,12.9,10,2024,Bam Adebayo
20,438,30,2023-12-25,MIA,,PHI,"W, 119-113",*,36:14,9.0,15.0,.600,0.0,0.0,,9.0,15.0,.600,.600,8.0,12.0,.667,3.0,12.0,15.0,5.0,0.0,3.0,4.0,1.0,26.0,24.4,0,2024,Bam Adebayo
21,439,31,2023-12-28,MIA,@,GSW,"W, 114-102",*,35:30,7.0,13.0,.538,0.0,0.0,,7.0,13.0,.538,.538,3.0,4.0,.750,2.0,9.0,11.0,4.0,0.0,0.0,0.0,2.0,17.0,16.4,8,2024,Bam Adebayo
22,440,32,2023-12-30,MIA,@,UTA,"L, 109-117",*,36:30,7.0,13.0,.538,0.0,0.0,,7.0,13.0,.538,.538,14.0,20.0,.700,3.0,13.0,16.0,3.0,3.0,3.0,4.0,1.0,28.0,28.1,-3,2024,Bam Adebayo
23,441,33,2024-01-01,MIA,@,LAC,"L, 104-121",*,35:45,6.0,17.0,.353,0.0,2.0,.000,6.0,15.0,.400,.353,9.0,13.0,.692,3.0,12.0,15.0,4.0,0.0,0.0,3.0,3.0,21.0,14.2,-12,2024,Bam Adebayo
24,442,34,2024-01-03,MIA,@,LAL,"W, 110-96",*,38:10,5.0,14.0,.357,0.0,1.0,.000,5.0,13.0,.385,.357,5.0,6.0,.833,3.0,4.0,7.0,5.0,3.0,0.0,2.0,4.0,15.0,13.0,12,2024,Bam Adebayo
25,443,35,2024-01-05,MIA,@,PHO,"L, 97-113",*,36:07,11.0,19.0,.579,0.0,0.0,,11.0,19.0,.579,.579,6.0,7.0,.857,2.0,8.0,10.0,1.0,0.0,1.0,1.0,2.0,28.0,22.1,-16,2024,Bam Adebayo
26,444,36,2024-01-08,MIA,,HOU,"W, 120-113",*,31:38,9.0,12.0,.750,0.0,0.0,,9.0,12.0,.750,.750,4.0,7.0,.571,1.0,11.0,12.0,3.0,1.0,0.0,3.0,4.0,22.0,18.5,12,2024,Bam Adebayo
27,445,37,2024-01-10,MIA,,OKC,"L, 120-128",*,36:44,9.0,16.0,.563,0.0,0.0,,9.0,16.0,.563,.563,7.0,7.0,1.000,5.0,6.0,11.0,6.0,0.0,2.0,1.0,1.0,25.0,26.9,-6,2024,Bam Adebayo
28,446,38,2024-01-12,MIA,,ORL,"W, 99-96",*,39:25,8.0,17.0,.471,0.0,0.0,,8.0,17.0,.471,.471,5.0,6.0,.833,4.0,7.0,11.0,7.0,0.0,1.0,4.0,3.0,21.0,17.2,17,2024,Bam Adebayo
29,447,39,2024-01-14,MIA,,CHO,"W, 104-87",*,35:23,9.0,17.0,.529,0.0,1.0,.000,9.0,16.0,.563,.529,6.0,8.0,.750,0.0,10.0,10.0,7.0,0.0,1.0,2.0,3.0,24.0,20.3,5,2024,Bam Adebayo
30,448,40,2024-01-15,MIA,@,BRK,"W, 96-95 (OT)",*,43:49,5.0,17.0,.294,0.0,1.0,.000,5.0,16.0,.313,.294,1.0,2.0,.500,2.0,18.0,20.0,4.0,1.0,1.0,2.0,2.0,11.0,9.2,-3,2024,Bam Adebayo
31,449,41,2024-01-17,MIA,@,TOR,"L, 97-121",*,35:49,7.0,13.0,.538,0.0,0.0,,7.0,13.0,.538,.538,2.0,3.0,.667,1.0,4.0,5.0,4.0,1.0,0.0,2.0,3.0,16.0,11.8,-23,2024,Bam Adebayo
32,450,42,2024-01-19,MIA,,ATL,"L, 108-109",*,38:53,7.0,15.0,.467,0.0,0.0,,7.0,15.0,.467,.467,7.0,8.0,.875,2.0,7.0,9.0,6.0,1.0,0.0,3.0,4.0,21.0,17.0,8,2024,Bam Adebayo
33,451,43,2024-01-21,MIA,@,ORL,"L, 87-105",*,34:25,8.0,17.0,.471,0.0,1.0,.000,8.0,16.0,.500,.471,6.0,6.0,1.000,6.0,5.0,11.0,7.0,2.0,0.0,5.0,3.0,22.0,19.7,-15,2024,Bam Adebayo
34,452,44,2024-01-24,MIA,,MEM,"L, 96-105",*,39:31,4.0,13.0,.308,0.0,1.0,.000,4.0,12.0,.333,.308,7.0,11.0,.636,3.0,12.0,15.0,6.0,1.0,6.0,0.0,3.0,15.0,19.8,3,2024,Bam Adebayo
35,453,45,2024-01-25,MIA,,BOS,"L, 110-143",*,28:46,8.0,14.0,.571,0.0,0.0,,8.0,14.0,.571,.571,3.0,4.0,.750,1.0,4.0,5.0,2.0,1.0,1.0,0.0,0.0,19.0,17.0,-28,2024,Bam Adebayo
36,454,46,2024-01-27,MIA,@,NYK,"L, 109-125",*,33:12,6.0,10.0,.600,0.0,0.0,,6.0,10.0,.600,.600,0.0,0.0,,3.0,10.0,13.0,1.0,0.0,0.0,2.0,1.0,12.0,10.8,-20,2024,Bam Adebayo
37,455,47,2024-01-29,MIA,,PHO,"L, 105-118",*,35:10,3.0,9.0,.333,0.0,0.0,,3.0,9.0,.333,.333,2.0,2.0,1.000,0.0,11.0,11.0,5.0,1.0,3.0,4.0,2.0,8.0,8.0,3,2024,Bam Adebayo
38,456,48,2024-01-31,MIA,,SAC,"W, 115-106",*,31:37,8.0,14.0,.571,0.0,0.0,,8.0,14.0,.571,.571,0.0,0.0,,2.0,9.0,11.0,4.0,0.0,0.0,0.0,4.0,16.0,14.7,2,2024,Bam Adebayo
39,457,49,2024-02-02,MIA,@,WAS,"W, 110-102",*,32:51,8.0,14.0,.571,0.0,0.0,,8.0,14.0,.571,.571,4.0,7.0,.571,2.0,12.0,14.0,1.0,0.0,1.0,4.0,3.0,20.0,13.4,-8,2024,Bam Adebayo
40,458,50,2024-02-04,MIA,,LAC,"L, 95-103",*,35:04,5.0,13.0,.385,0.0,0.0,,5.0,13.0,.385,.385,4.0,4.0,1.000,4.0,9.0,13.0,3.0,3.0,0.0,2.0,1.0,14.0,15.1,-8,2024,Bam Adebayo
41,459,51,2024-02-06,MIA,,ORL,"W, 121-95",*,29:43,7.0,9.0,.778,0.0,0.0,,7.0,9.0,.778,.778,0.0,0.0,,2.0,6.0,8.0,3.0,0.0,1.0,3.0,3.0,14.0,12.3,32,2024,Bam Adebayo
42,460,52,2024-02-07,MIA,,SAS,"W, 116-104",*,28:47,10.0,14.0,.714,0.0,0.0,,10.0,14.0,.714,.714,0.0,2.0,.000,0.0,5.0,5.0,2.0,1.0,0.0,1.0,4.0,20.0,14.7,17,2024,Bam Adebayo
43,461,53,2024-02-11,MIA,,BOS,"L, 106-110",*,34:23,7.0,18.0,.389,0.0,0.0,,7.0,18.0,.389,.389,8.0,8.0,1.000,3.0,10.0,13.0,4.0,2.0,2.0,2.0,2.0,22.0,20.7,3,2024,Bam Adebayo
44,462,54,2024-02-13,MIA,@,MIL,"W, 123-97",*,31:16,8.0,14.0,.571,0.0,0.0,,8.0,14.0,.571,.571,0.0,0.0,,5.0,7.0,12.0,11.0,2.0,0.0,3.0,2.0,16.0,20.9,30,2024,Bam Adebayo
45,463,55,2024-02-14,MIA,@,PHI,"W, 109-104",*,39:22,9.0,14.0,.643,0.0,0.0,,9.0,14.0,.643,.643,5.0,5.0,1.000,3.0,10.0,13.0,4.0,2.0,0.0,2.0,2.0,23.0,23.9,1,2024,Bam Adebayo
46,464,56,2024-02-23,MIA,@,NOP,"W, 106-95",*,36:26,11.0,18.0,.611,0.0,0.0,,11.0,18.0,.611,.611,2.0,4.0,.500,1.0,6.0,7.0,1.0,1.0,3.0,3.0,2.0,24.0,17.5,6,2024,Bam Adebayo
47,465,57,2024-02-26,MIA,@,SAC,"W, 121-110",*,36:03,11.0,18.0,.611,0.0,1.0,.000,11.0,17.0,.647,.611,6.0,7.0,.857,2.0,8.0,10.0,7.0,2.0,1.0,5.0,1.0,28.0,25.4,11,2024,Bam Adebayo
48,466,58,2024-02-27,MIA,@,POR,"W, 106-96",*,33:45,5.0,9.0,.556,0.0,0.0,,5.0,9.0,.556,.556,3.0,7.0,.429,1.0,8.0,9.0,2.0,0.0,1.0,6.0,3.0,13.0,5.1,4,2024,Bam Adebayo
49,467,59,2024-02-29,MIA,@,DEN,"L, 97-103",*,35:41,8.0,18.0,.444,0.0,0.0,,8.0,18.0,.444,.444,6.0,6.0,1.000,1.0,7.0,8.0,3.0,1.0,0.0,1.0,5.0,22.0,15.5,-3,2024,Bam Adebayo
50,468,60,2024-03-02,MIA,,UTA,"W, 126-120",*,34:13,10.0,15.0,.667,0.0,0.0,,10.0,15.0,.667,.667,3.0,4.0,.750,2.0,5.0,7.0,3.0,0.0,0.0,0.0,2.0,23.0,20.3,2,2024,Bam Adebayo
51,469,61,2024-03-05,MIA,,DET,"W, 118-110",*,35:11,8.0,17.0,.471,0.0,0.0,,8.0,17.0,.471,.471,2.0,3.0,.667,2.0,5.0,7.0,1.0,1.0,1.0,1.0,2.0,18.0,12.4,8,2024,Bam Adebayo
52,470,62,2024-03-07,MIA,@,DAL,"L, 108-114",*,37:22,5.0,14.0,.357,0.0,2.0,.000,5.0,12.0,.417,.357,4.0,8.0,.500,1.0,8.0,9.0,5.0,3.0,0.0,1.0,1.0,14.0,12.8,-5,2024,Bam Adebayo
53,471,63,2024-03-08,MIA,@,OKC,"L, 100-107",*,30:46,1.0,9.0,.111,0.0,0.0,,1.0,9.0,.111,.111,3.0,4.0,.750,4.0,6.0,10.0,4.0,1.0,2.0,4.0,1.0,5.0,4.1,-18,2024,Bam Adebayo
54,472,64,2024-03-10,MIA,,WAS,"L, 108-110",*,34:59,7.0,14.0,.500,0.0,0.0,,7.0,14.0,.500,.500,2.0,6.0,.333,7.0,9.0,16.0,2.0,2.0,1.0,0.0,3.0,16.0,17.9,-9,2024,Bam Adebayo
55,473,65,2024-03-13,MIA,,DEN,"L, 88-100",*,34:21,7.0,15.0,.467,1.0,1.0,1.000,6.0,14.0,.429,.500,2.0,4.0,.500,1.0,12.0,13.0,3.0,1.0,1.0,0.0,2.0,17.0,15.8,-12,2024,Bam Adebayo
56,474,66,2024-03-15,MIA,@,DET,"W, 108-95",*,28:56,10.0,14.0,.714,1.0,1.0,1.000,9.0,13.0,.692,.750,1.0,3.0,.333,3.0,6.0,9.0,2.0,2.0,3.0,0.0,1.0,22.0,24.4,17,2024,Bam Adebayo
57,475,67,2024-03-17,MIA,@,DET,"W, 104-101",*,37:33,9.0,13.0,.692,1.0,1.0,1.000,8.0,12.0,.667,.731,1.0,2.0,.500,4.0,13.0,17.0,3.0,1.0,0.0,3.0,2.0,20.0,20.1,5,2024,Bam Adebayo
58,476,68,2024-03-18,MIA,@,PHI,"L, 91-98",*,31:53,8.0,10.0,.800,2.0,2.0,1.000,6.0,8.0,.750,.900,2.0,2.0,1.000,3.0,10.0,13.0,6.0,0.0,0.0,4.0,1.0,20.0,21.1,-19,2024,Bam Adebayo
59,477,70,2024-03-22,MIA,,NOP,"L, 88-111",*,29:48,4.0,7.0,.571,1.0,2.0,.500,3.0,5.0,.600,.643,3.0,4.0,.750,1.0,9.0,10.0,1.0,0.0,2.0,0.0,1.0,12.0,13.4,-16,2024,Bam Adebayo
60,478,71,2024-03-24,MIA,,CLE,"W, 121-84",*,27:42,7.0,11.0,.636,0.0,1.0,.000,7.0,10.0,.700,.636,1.0,2.0,.500,3.0,13.0,16.0,3.0,5.0,0.0,1.0,0.0,15.0,21.8,27,2024,Bam Adebayo
61,479,72,2024-03-26,MIA,,GSW,"L, 92-113",*,38:37,10.0,21.0,.476,1.0,3.0,.333,9.0,18.0,.500,.500,3.0,4.0,.750,3.0,6.0,9.0,5.0,1.0,1.0,1.0,1.0,24.0,20.6,-4,2024,Bam Adebayo
62,480,73,2024-03-29,MIA,,POR,"W, 142-82",*,26:13,9.0,12.0,.750,2.0,3.0,.667,7.0,9.0,.778,.833,1.0,3.0,.333,0.0,12.0,12.0,9.0,2.0,1.0,4.0,3.0,21.0,22.8,29,2024,Bam Adebayo
63,481,74,2024-03-31,MIA,@,WAS,"W, 119-107",*,37:20,6.0,12.0,.500,0.0,2.0,.000,6.0,10.0,.600,.500,10.0,12.0,.833,0.0,10.0,10.0,5.0,2.0,1.0,5.0,2.0,22.0,18.6,10,2024,Bam Adebayo
64,482,75,2024-04-02,MIA,,NYK,"W, 109-99",*,32:32,6.0,9.0,.667,0.0,0.0,,6.0,9.0,.667,.667,3.0,4.0,.750,2.0,7.0,9.0,1.0,1.0,0.0,1.0,0.0,15.0,14.9,13,2024,Bam Adebayo
65,483,76,2024-04-04,MIA,,PHI,"L, 105-109",*,29:26,6.0,15.0,.400,1.0,1.0,1.000,5.0,14.0,.357,.433,1.0,1.0,1.000,4.0,7.0,11.0,3.0,0.0,1.0,2.0,2.0,14.0,10.8,-29,2024,Bam Adebayo
66,484,77,2024-04-05,MIA,@,HOU,"W, 119-104",*,33:19,7.0,12.0,.583,0.0,0.0,,7.0,12.0,.583,.583,4.0,4.0,1.000,2.0,10.0,12.0,6.0,1.0,1.0,1.0,2.0,18.0,20.9,16,2024,Bam Adebayo
67,485,78,2024-04-07,MIA,@,IND,"L, 115-117",*,37:01,8.0,18.0,.444,1.0,4.0,.250,7.0,14.0,.500,.472,3.0,4.0,.750,3.0,9.0,12.0,3.0,0.0,1.0,1.0,5.0,20.0,14.8,7,2024,Bam Adebayo
68,486,79,2024-04-09,MIA,@,ATL,"W, 117-111 (2OT)",*,47:41,4.0,8.0,.500,2.0,2.0,1.000,2.0,6.0,.333,.625,0.0,0.0,,0.0,7.0,7.0,7.0,3.0,1.0,5.0,2.0,10.0,10.9,12,2024,Bam Adebayo
69,487,80,2024-04-10,MIA,,DAL,"L, 92-111",*,29:41,3.0,13.0,.231,0.0,2.0,.000,3.0,11.0,.273,.231,2.0,2.0,1.000,2.0,1.0,3.0,0.0,0.0,0.0,0.0,2.0,8.0,1.0,-20,2024,Bam Adebayo
70,488,81,2024-04-12,MIA,,TOR,"W, 125-103",*,25:24,8.0,10.0,.800,1.0,2.0,.500,7.0,8.0,.875,.850,2.0,4.0,.500,1.0,5.0,6.0,3.0,0.0,0.0,0.0,1.0,19.0,18.3,9,2024,Bam Adebayo
71,489,82,2024-04-14,MIA,,TOR,"W, 118-103",*,19:29,8.0,10.0,.800,0.0,1.0,.000,8.0,9.0,.889,.800,1.0,1.0,1.000,3.0,3.0,6.0,2.0,3.0,1.0,4.0,1.0,17.0,16.9,12,2024,Bam Adebayo
1,490,1,2024-10-23,MIA,,ORL,"L, 97-116",*,25:31,1.0,5.0,.200,0.0,2.0,.000,1.0,3.0,.333,.200,7.0,10.0,.700,3.0,2.0,5.0,1.0,0.0,0.0,0.0,1.0,9.0,7.7,-30,2025,Bam Adebayo
2,491,2,2024-10-26,MIA,@,CHO,"W, 114-106",*,32:37,6.0,17.0,.353,0.0,2.0,.000,6.0,15.0,.400,.353,0.0,1.0,.000,4.0,7.0,11.0,3.0,1.0,1.0,1.0,1.0,12.0,9.4,0,2025,Bam Adebayo
3,492,3,2024-10-28,MIA,,DET,"W, 106-98",*,34:46,5.0,9.0,.556,0.0,2.0,.000,5.0,7.0,.714,.556,2.0,4.0,.500,1.0,9.0,10.0,4.0,3.0,3.0,1.0,1.0,12.0,16.8,-3,2025,Bam Adebayo
4,493,4,2024-10-30,MIA,,NYK,"L, 107-116",*,32:53,3.0,7.0,.429,0.0,2.0,.000,3.0,5.0,.600,.429,5.0,6.0,.833,1.0,2.0,3.0,4.0,1.0,0.0,1.0,3.0,11.0,9.8,-9,2025,Bam Adebayo
5,494,5,2024-11-02,MIA,@,WAS,"W, 118-98",*,30:58,12.0,24.0,.500,3.0,5.0,.600,9.0,19.0,.474,.563,5.0,6.0,.833,5.0,9.0,14.0,2.0,1.0,1.0,1.0,3.0,32.0,26.7,25,2025,Bam Adebayo
6,495,6,2024-11-04,MIA,,SAC,"L, 110-111",*,35:57,7.0,15.0,.467,0.0,1.0,.000,7.0,14.0,.500,.467,2.0,5.0,.400,3.0,5.0,8.0,5.0,3.0,4.0,0.0,1.0,16.0,19.6,-3,2025,Bam Adebayo
7,496,7,2024-11-06,MIA,@,PHO,"L, 112-115",*,34:25,5.0,21.0,.238,0.0,1.0,.000,5.0,20.0,.250,.238,2.0,2.0,1.000,7.0,5.0,12.0,6.0,5.0,1.0,1.0,2.0,12.0,13.8,0,2025,Bam Adebayo
8,497,8,2024-11-08,MIA,@,DEN,"L, 122-135",*,38:42,7.0,18.0,.389,1.0,5.0,.200,6.0,13.0,.462,.417,5.0,6.0,.833,2.0,7.0,9.0,4.0,2.0,0.0,3.0,3.0,20.0,13.9,-9,2025,Bam Adebayo
9,498,9,2024-11-10,MIA,@,MIN,"W, 95-94",*,38:56,3.0,11.0,.273,0.0,2.0,.000,3.0,9.0,.333,.273,3.0,6.0,.500,0.0,7.0,7.0,7.0,1.0,3.0,4.0,2.0,9.0,6.6,12,2025,Bam Adebayo
10,499,10,2024-11-12,MIA,@,DET,"L, 121-123 (OT)",*,43:33,8.0,13.0,.615,1.0,1.0,1.000,7.0,12.0,.583,.654,3.0,5.0,.600,6.0,6.0,12.0,3.0,0.0,1.0,1.0,1.0,20.0,20.7,1,2025,Bam Adebayo
11,500,11,2024-11-15,MIA,@,IND,"W, 124-111",*,38:45,10.0,17.0,.588,2.0,3.0,.667,8.0,14.0,.571,.647,8.0,9.0,.889,1.0,10.0,11.0,7.0,5.0,0.0,2.0,2.0,30.0,32.5,22,2025,Bam Adebayo
12,501,12,2024-11-17,MIA,@,IND,"L, 110-119",*,39:41,9.0,18.0,.500,2.0,4.0,.500,7.0,14.0,.500,.556,4.0,5.0,.800,6.0,2.0,8.0,2.0,0.0,0.0,2.0,1.0,24.0,18.4,-9,2025,Bam Adebayo
13,502,13,2024-11-18,MIA,,PHI,"W, 106-89",*,31:39,2.0,8.0,.250,1.0,2.0,.500,1.0,6.0,.167,.313,0.0,0.0,,0.0,13.0,13.0,3.0,2.0,1.0,3.0,4.0,5.0,4.3,11,2025,Bam Adebayo
14,503,14,2024-11-24,MIA,,DAL,"W, 123-118 (OT)",*,37:33,8.0,20.0,.400,3.0,6.0,.500,5.0,14.0,.357,.475,0.0,0.0,,3.0,8.0,11.0,5.0,0.0,0.0,2.0,2.0,19.0,13.4,4,2025,Bam Adebayo
15,504,15,2024-11-26,MIA,,MIL,"L, 103-106",*,31:26,6.0,9.0,.667,1.0,2.0,.500,5.0,7.0,.714,.722,3.0,4.0,.750,1.0,4.0,5.0,5.0,1.0,0.0,1.0,5.0,16.0,15.1,-14,2025,Bam Adebayo
16,505,16,2024-11-27,MIA,@,CHO,"W, 98-94",*,36:03,3.0,8.0,.375,0.0,2.0,.000,3.0,6.0,.500,.375,2.0,2.0,1.000,1.0,9.0,10.0,10.0,2.0,0.0,3.0,1.0,8.0,12.6,5,2025,Bam Adebayo
17,506,17,2024-11-29,MIA,,TOR,"W, 121-111",*,34:36,6.0,16.0,.375,2.0,6.0,.333,4.0,10.0,.400,.438,0.0,1.0,.000,2.0,8.0,10.0,10.0,3.0,0.0,1.0,2.0,14.0,16.8,0,2025,Bam Adebayo
18,507,18,2024-12-01,MIA,@,TOR,"L, 116-119",*,38:36,5.0,13.0,.385,1.0,2.0,.500,4.0,11.0,.364,.423,2.0,2.0,1.000,4.0,16.0,20.0,7.0,1.0,0.0,5.0,3.0,13.0,13.2,15,2025,Bam Adebayo
19,508,19,2024-12-02,MIA,@,BOS,"L, 89-108",*,33:22,6.0,18.0,.333,1.0,4.0,.250,5.0,14.0,.357,.361,2.0,2.0,1.000,2.0,6.0,8.0,5.0,1.0,0.0,3.0,1.0,15.0,9.1,-17,2025,Bam Adebayo
20,509,20,2024-12-04,MIA,,LAL,"W, 134-93",*,24:36,6.0,8.0,.750,0.0,1.0,.000,6.0,7.0,.857,.750,2.0,3.0,.667,0.0,10.0,10.0,7.0,1.0,1.0,2.0,1.0,14.0,17.6,22,2025,Bam Adebayo
21,510,21,2024-12-07,MIA,,PHO,"W, 121-111",*,34:13,9.0,16.0,.563,1.0,4.0,.250,8.0,12.0,.667,.594,6.0,8.0,.750,4.0,8.0,12.0,8.0,1.0,0.0,4.0,3.0,25.0,23.2,22,2025,Bam Adebayo
22,511,22,2024-12-08,MIA,,CLE,"W, 122-113",*,36:02,7.0,14.0,.500,2.0,4.0,.500,5.0,10.0,.500,.571,0.0,0.0,,1.0,12.0,13.0,6.0,0.0,1.0,1.0,2.0,16.0,16.4,20,2025,Bam Adebayo
23,512,23,2024-12-12,MIA,,TOR,"W, 114-104",*,34:31,8.0,17.0,.471,1.0,3.0,.333,7.0,14.0,.500,.500,4.0,6.0,.667,3.0,13.0,16.0,5.0,0.0,1.0,1.0,2.0,21.0,19.9,7,2025,Bam Adebayo
24,513,24,2024-12-16,MIA,@,DET,"L, 124-125 (OT)",*,40:44,6.0,12.0,.500,1.0,3.0,.333,5.0,9.0,.556,.542,2.0,2.0,1.000,1.0,7.0,8.0,3.0,1.0,0.0,1.0,1.0,15.0,13.5,-10,2025,Bam Adebayo
25,514,25,2024-12-20,MIA,,OKC,"L, 97-104",*,35:50,7.0,11.0,.636,0.0,1.0,.000,7.0,10.0,.700,.636,3.0,6.0,.500,3.0,7.0,10.0,1.0,1.0,1.0,6.0,2.0,17.0,10.7,5,2025,Bam Adebayo
26,515,26,2024-12-21,MIA,@,ORL,"L, 114-121",*,34:20,8.0,15.0,.533,0.0,4.0,.000,8.0,11.0,.727,.533,8.0,12.0,.667,1.0,5.0,6.0,0.0,2.0,0.0,4.0,2.0,24.0,14.5,-35,2025,Bam Adebayo
27,516,27,2024-12-23,MIA,,BRK,"W, 110-95",*,30:31,8.0,12.0,.667,0.0,2.0,.000,8.0,10.0,.800,.667,7.0,8.0,.875,0.0,7.0,7.0,7.0,1.0,0.0,2.0,1.0,23.0,23.0,8,2025,Bam Adebayo
28,517,28,2024-12-26,MIA,@,ORL,"W, 89-88",*,35:13,2.0,10.0,.200,0.0,1.0,.000,2.0,9.0,.222,.200,0.0,0.0,,3.0,6.0,9.0,7.0,0.0,5.0,4.0,4.0,4.0,4.5,-3,2025,Bam Adebayo
29,518,29,2024-12-28,MIA,@,ATL,"L, 110-120",*,36:32,8.0,17.0,.471,0.0,2.0,.000,8.0,15.0,.533,.471,1.0,1.0,1.000,3.0,7.0,10.0,2.0,1.0,2.0,2.0,3.0,17.0,13.1,-1,2025,Bam Adebayo
30,519,30,2024-12-29,MIA,@,HOU,"W, 104-100",*,34:17,4.0,12.0,.333,0.0,1.0,.000,4.0,11.0,.364,.333,4.0,6.0,.667,2.0,8.0,10.0,1.0,3.0,0.0,2.0,5.0,12.0,7.9,-1,2025,Bam Adebayo
31,520,31,2025-01-01,MIA,,NOP,"W, 119-108",*,31:18,9.0,14.0,.643,0.0,2.0,.000,9.0,12.0,.750,.643,5.0,5.0,1.000,1.0,8.0,9.0,10.0,2.0,0.0,4.0,3.0,23.0,23.7,6,2025,Bam Adebayo
32,521,32,2025-01-02,MIA,,IND,"L, 115-128",*,25:09,8.0,12.0,.667,0.0,1.0,.000,8.0,11.0,.727,.667,4.0,6.0,.667,3.0,5.0,8.0,2.0,1.0,0.0,1.0,0.0,20.0,19.0,-13,2025,Bam Adebayo
33,522,33,2025-01-04,MIA,,UTA,"L, 100-136",*,25:33,0.0,6.0,.000,0.0,1.0,.000,0.0,5.0,.000,.000,4.0,6.0,.667,1.0,7.0,8.0,2.0,1.0,1.0,3.0,1.0,4.0,1.5,-24,2025,Bam Adebayo
34,523,34,2025-01-06,MIA,@,SAC,"L, 118-123 (2OT)",*,44:57,6.0,19.0,.316,1.0,5.0,.200,5.0,14.0,.357,.342,5.0,6.0,.833,2.0,10.0,12.0,2.0,4.0,1.0,2.0,2.0,18.0,14.4,-3,2025,Bam Adebayo
35,524,35,2025-01-07,MIA,@,GSW,"W, 114-98",*,29:48,9.0,14.0,.643,1.0,1.0,1.000,8.0,13.0,.615,.679,0.0,1.0,.000,3.0,6.0,9.0,5.0,2.0,1.0,1.0,1.0,19.0,21.1,18,2025,Bam Adebayo
36,525,36,2025-01-09,MIA,@,UTA,"W, 97-92",*,28:43,6.0,13.0,.462,1.0,2.0,.500,5.0,11.0,.455,.500,2.0,4.0,.500,2.0,5.0,7.0,3.0,3.0,2.0,1.0,1.0,15.0,15.5,0,2025,Bam Adebayo
37,526,37,2025-01-11,MIA,@,POR,"W, 119-98",*,30:10,6.0,13.0,.462,1.0,2.0,.500,5.0,11.0,.455,.500,0.0,0.0,,3.0,8.0,11.0,6.0,1.0,0.0,1.0,3.0,13.0,13.8,7,2025,Bam Adebayo
38,527,39,2025-01-15,MIA,@,LAL,"L, 108-117",*,31:01,3.0,7.0,.429,1.0,3.0,.333,2.0,4.0,.500,.500,3.0,4.0,.750,0.0,4.0,4.0,5.0,1.0,0.0,3.0,3.0,10.0,7.4,-10,2025,Bam Adebayo
39,528,40,2025-01-17,MIA,,DEN,"L, 113-133",*,32:38,7.0,15.0,.467,0.0,2.0,.000,7.0,13.0,.538,.467,2.0,2.0,1.000,3.0,8.0,11.0,4.0,0.0,0.0,1.0,2.0,16.0,13.8,-10,2025,Bam Adebayo
40,529,41,2025-01-19,MIA,,SAS,"W, 128-107",*,25:13,3.0,9.0,.333,0.0,2.0,.000,3.0,7.0,.429,.333,0.0,0.0,,3.0,8.0,11.0,5.0,1.0,1.0,3.0,2.0,6.0,6.8,19,2025,Bam Adebayo
41,530,42,2025-01-21,MIA,,POR,"L, 107-116",*,22:15,5.0,10.0,.500,0.0,2.0,.000,5.0,8.0,.625,.500,2.0,3.0,.667,3.0,7.0,10.0,0.0,0.0,0.0,1.0,3.0,12.0,8.6,-22,2025,Bam Adebayo
42,531,43,2025-01-23,MIA,@,MIL,"L, 96-125",*,28:44,5.0,12.0,.417,0.0,2.0,.000,5.0,10.0,.500,.417,1.0,2.0,.500,6.0,8.0,14.0,3.0,0.0,0.0,1.0,3.0,11.0,10.7,-20,2025,Bam Adebayo
43,532,44,2025-01-25,MIA,@,BRK,"W, 106-97",*,36:33,6.0,13.0,.462,1.0,1.0,1.000,5.0,12.0,.417,.500,4.0,4.0,1.000,5.0,11.0,16.0,4.0,0.0,1.0,4.0,4.0,17.0,15.0,13,2025,Bam Adebayo
44,533,45,2025-01-27,MIA,,ORL,"W, 125-119 (2OT)",*,44:29,10.0,15.0,.667,0.0,0.0,,10.0,15.0,.667,.667,6.0,8.0,.750,1.0,9.0,10.0,9.0,1.0,0.0,3.0,4.0,26.0,24.8,19,2025,Bam Adebayo
45,534,46,2025-01-29,MIA,,CLE,"L, 106-126",*,37:47,7.0,13.0,.538,2.0,4.0,.500,5.0,9.0,.556,.615,5.0,6.0,.833,1.0,8.0,9.0,3.0,0.0,1.0,4.0,1.0,21.0,15.8,-16,2025,Bam Adebayo
46,535,47,2025-02-01,MIA,@,SAS,"W, 105-103",*,37:42,13.0,21.0,.619,2.0,5.0,.400,11.0,16.0,.688,.667,2.0,2.0,1.000,3.0,9.0,12.0,9.0,2.0,3.0,3.0,1.0,30.0,32.3,5,2025,Bam Adebayo
47,536,48,2025-02-04,MIA,@,CHI,"L, 124-133",*,35:23,10.0,17.0,.588,1.0,4.0,.250,9.0,13.0,.692,.618,2.0,5.0,.400,2.0,6.0,8.0,4.0,0.0,0.0,3.0,1.0,23.0,16.5,-9,2025,Bam Adebayo
48,537,49,2025-02-05,MIA,@,PHI,"W, 108-101",*,33:31,8.0,16.0,.500,1.0,3.0,.333,7.0,13.0,.538,.531,1.0,2.0,.500,8.0,5.0,13.0,4.0,0.0,0.0,7.0,3.0,18.0,11.3,5,2025,Bam Adebayo
49,538,50,2025-02-07,MIA,@,BRK,"L, 86-102",*,36:43,7.0,14.0,.500,1.0,3.0,.333,6.0,11.0,.545,.536,3.0,4.0,.750,1.0,7.0,8.0,1.0,0.0,2.0,1.0,4.0,18.0,12.9,-14,2025,Bam Adebayo
50,539,51,2025-02-10,MIA,,BOS,"L, 85-103",*,34:17,6.0,17.0,.353,1.0,5.0,.200,5.0,12.0,.417,.382,9.0,10.0,.900,6.0,6.0,12.0,4.0,0.0,0.0,0.0,0.0,22.0,20.9,-5,2025,Bam Adebayo
51,540,52,2025-02-12,MIA,@,OKC,"L, 101-115",*,35:23,11.0,19.0,.579,3.0,4.0,.750,8.0,15.0,.533,.658,2.0,2.0,1.000,2.0,13.0,15.0,4.0,1.0,1.0,3.0,3.0,27.0,23.7,-3,2025,Bam Adebayo
52,541,54,2025-02-21,MIA,@,TOR,"W, 120-111 (OT)",*,37:16,8.0,13.0,.615,0.0,1.0,.000,8.0,12.0,.667,.615,3.0,4.0,.750,3.0,9.0,12.0,1.0,0.0,0.0,0.0,4.0,19.0,16.6,3,2025,Bam Adebayo
53,542,55,2025-02-23,MIA,@,MIL,"L, 113-120",*,35:15,10.0,16.0,.625,2.0,2.0,1.000,8.0,14.0,.571,.688,2.0,3.0,.667,2.0,5.0,7.0,1.0,1.0,0.0,0.0,4.0,24.0,19.4,-16,2025,Bam Adebayo
54,543,56,2025-02-24,MIA,@,ATL,"L, 86-98",*,36:57,5.0,13.0,.385,0.0,2.0,.000,5.0,11.0,.455,.385,4.0,4.0,1.000,3.0,2.0,5.0,1.0,2.0,0.0,4.0,1.0,14.0,7.9,-15,2025,Bam Adebayo
55,544,57,2025-02-26,MIA,,ATL,"W, 131-109",*,35:18,9.0,12.0,.750,1.0,2.0,.500,8.0,10.0,.800,.792,1.0,2.0,.500,1.0,8.0,9.0,3.0,0.0,1.0,2.0,4.0,20.0,17.1,16,2025,Bam Adebayo
56,545,58,2025-02-28,MIA,,IND,"W, 125-120",*,31:12,8.0,14.0,.571,2.0,4.0,.500,6.0,10.0,.600,.643,0.0,0.0,,2.0,5.0,7.0,7.0,2.0,0.0,0.0,1.0,18.0,20.8,-2,2025,Bam Adebayo
57,546,59,2025-03-02,MIA,,NYK,"L, 112-116 (OT)",*,42:16,12.0,16.0,.750,0.0,2.0,.000,12.0,14.0,.857,.750,6.0,8.0,.750,2.0,5.0,7.0,4.0,1.0,0.0,3.0,4.0,30.0,24.9,-1,2025,Bam Adebayo
58,547,60,2025-03-03,MIA,,WAS,"W, 106-90",*,31:11,7.0,16.0,.438,0.0,2.0,.000,7.0,14.0,.500,.438,5.0,6.0,.833,3.0,12.0,15.0,5.0,2.0,1.0,2.0,1.0,19.0,19.7,11,2025,Bam Adebayo
59,548,61,2025-03-05,MIA,@,CLE,"L, 107-112",*,37:33,11.0,18.0,.611,3.0,5.0,.600,8.0,13.0,.615,.694,9.0,9.0,1.000,2.0,10.0,12.0,5.0,2.0,0.0,2.0,1.0,34.0,33.3,-1,2025,Bam Adebayo
60,549,62,2025-03-07,MIA,,MIN,"L, 104-106",*,43:04,11.0,21.0,.524,1.0,5.0,.200,10.0,16.0,.625,.548,6.0,7.0,.857,1.0,12.0,13.0,4.0,1.0,0.0,2.0,3.0,29.0,23.2,-2,2025,Bam Adebayo
61,550,63,2025-03-08,MIA,,CHI,"L, 109-114",*,38:04,8.0,17.0,.471,1.0,4.0,.250,7.0,13.0,.538,.500,5.0,6.0,.833,1.0,5.0,6.0,2.0,2.0,0.0,2.0,1.0,22.0,16.1,-4,2025,Bam Adebayo
62,551,64,2025-03-10,MIA,,CHO,"L, 102-105",*,38:19,8.0,16.0,.500,2.0,4.0,.500,6.0,12.0,.500,.563,5.0,7.0,.714,4.0,10.0,14.0,8.0,1.0,0.0,1.0,1.0,23.0,25.2,7,2025,Bam Adebayo
63,552,65,2025-03-12,MIA,,LAC,"L, 104-119",*,35:15,2.0,7.0,.286,0.0,1.0,.000,2.0,6.0,.333,.286,2.0,2.0,1.000,1.0,6.0,7.0,7.0,5.0,0.0,1.0,3.0,6.0,12.1,-14,2025,Bam Adebayo
64,553,66,2025-03-14,MIA,,BOS,"L, 91-103",*,32:37,3.0,7.0,.429,0.0,1.0,.000,3.0,6.0,.500,.429,3.0,3.0,1.000,3.0,6.0,9.0,2.0,0.0,1.0,2.0,2.0,9.0,8.5,-13,2025,Bam Adebayo
65,554,67,2025-03-15,MIA,@,MEM,"L, 91-125",*,29:59,7.0,15.0,.467,2.0,4.0,.500,5.0,11.0,.455,.533,2.0,2.0,1.000,2.0,4.0,6.0,0.0,1.0,2.0,3.0,1.0,18.0,11.9,-29,2025,Bam Adebayo
66,555,68,2025-03-17,MIA,@,NYK,"L, 95-116",*,34:00,5.0,12.0,.417,0.0,1.0,.000,5.0,11.0,.455,.417,2.0,2.0,1.000,2.0,5.0,7.0,4.0,1.0,2.0,4.0,2.0,12.0,8.9,-5,2025,Bam Adebayo
67,556,69,2025-03-19,MIA,,DET,"L, 113-116",*,37:01,12.0,24.0,.500,2.0,5.0,.400,10.0,19.0,.526,.542,4.0,4.0,1.000,3.0,6.0,9.0,8.0,1.0,1.0,2.0,3.0,30.0,26.0,-2,2025,Bam Adebayo
68,557,70,2025-03-21,MIA,,HOU,"L, 98-102",*,37:30,6.0,13.0,.462,2.0,4.0,.500,4.0,9.0,.444,.538,2.0,3.0,.667,1.0,5.0,6.0,6.0,0.0,0.0,2.0,2.0,16.0,12.5,-10,2025,Bam Adebayo
69,558,71,2025-03-23,MIA,,CHO,"W, 122-105",*,31:53,4.0,10.0,.400,1.0,3.0,.333,3.0,7.0,.429,.450,2.0,2.0,1.000,3.0,1.0,4.0,2.0,2.0,0.0,2.0,3.0,11.0,8.2,1,2025,Bam Adebayo
70,559,72,2025-03-25,MIA,,GSW,"W, 112-86",*,34:15,9.0,18.0,.500,2.0,3.0,.667,7.0,15.0,.467,.556,7.0,9.0,.778,1.0,7.0,8.0,1.0,1.0,1.0,3.0,1.0,27.0,19.0,23,2025,Bam Adebayo
71,560,73,2025-03-27,MIA,,ATL,"W, 122-112",*,37:38,4.0,9.0,.444,1.0,2.0,.500,3.0,7.0,.429,.500,3.0,4.0,.750,0.0,10.0,10.0,4.0,3.0,0.0,3.0,0.0,12.0,12.7,22,2025,Bam Adebayo
72,561,74,2025-03-29,MIA,@,PHI,"W, 118-95",*,28:00,5.0,14.0,.357,2.0,2.0,1.000,3.0,12.0,.250,.429,4.0,5.0,.800,2.0,5.0,7.0,5.0,0.0,0.0,1.0,1.0,16.0,12.8,23,2025,Bam Adebayo
73,562,75,2025-03-31,MIA,@,WAS,"W, 120-94",*,30:56,11.0,19.0,.579,2.0,5.0,.400,9.0,14.0,.643,.632,4.0,7.0,.571,3.0,9.0,12.0,5.0,1.0,1.0,1.0,1.0,28.0,26.5,14,2025,Bam Adebayo
74,563,76,2025-04-02,MIA,@,BOS,"W, 124-103",*,30:41,9.0,15.0,.600,2.0,3.0,.667,7.0,12.0,.583,.667,1.0,1.0,1.000,0.0,5.0,5.0,6.0,0.0,0.0,0.0,2.0,21.0,19.0,13,2025,Bam Adebayo
75,564,77,2025-04-03,MIA,,MEM,"L, 108-110",*,33:58,11.0,26.0,.423,2.0,4.0,.500,9.0,22.0,.409,.462,2.0,2.0,1.000,3.0,4.0,7.0,5.0,1.0,2.0,2.0,3.0,26.0,18.2,-5,2025,Bam Adebayo
76,565,78,2025-04-05,MIA,,MIL,"L, 115-121 (OT)",*,42:33,11.0,25.0,.440,3.0,7.0,.429,8.0,18.0,.444,.500,6.0,6.0,1.000,2.0,10.0,12.0,5.0,2.0,1.0,2.0,1.0,31.0,26.1,-11,2025,Bam Adebayo
77,566,80,2025-04-09,MIA,@,CHI,"L, 111-119",*,35:13,6.0,15.0,.400,2.0,3.0,.667,4.0,12.0,.333,.467,4.0,6.0,.667,0.0,6.0,6.0,3.0,1.0,0.0,1.0,1.0,18.0,12.6,0,2025,Bam Adebayo
78,567,81,2025-04-11,MIA,@,NOP,"W, 153-104",*,21:41,8.0,12.0,.667,4.0,6.0,.667,4.0,6.0,.667,.833,3.0,4.0,.750,3.0,9.0,12.0,4.0,2.0,0.0,0.0,1.0,23.0,26.6,46,2025,Bam Adebayo
1,568,1,2025-10-22,MIA,@,ORL,"L, 121-125",*,34:12,4.0,13.0,.308,1.0,5.0,.200,3.0,8.0,.375,.346,6.0,7.0,.857,3.0,9.0,12.0,2.0,0.0,0.0,4.0,3.0,15.0,8.1,-2,2026,Bam Adebayo
2,569,2,2025-10-24,MIA,@,MEM,"W, 146-114",*,28:21,8.0,19.0,.421,4.0,8.0,.500,4.0,11.0,.364,.526,4.0,4.0,1.000,1.0,4.0,5.0,4.0,1.0,0.0,1.0,2.0,24.0,17.8,25,2026,Bam Adebayo
3,570,3,2025-10-26,MIA,,NYK,"W, 115-107",*,38:19,5.0,15.0,.333,1.0,5.0,.200,4.0,10.0,.400,.367,8.0,8.0,1.000,1.0,12.0,13.0,3.0,1.0,0.0,6.0,1.0,19.0,11.5,10,2026,Bam Adebayo
4,571,4,2025-10-28,MIA,,CHO,"W, 144-117",*,30:16,10.0,16.0,.625,3.0,5.0,.600,7.0,11.0,.636,.719,3.0,4.0,.750,1.0,5.0,6.0,2.0,0.0,0.0,1.0,2.0,26.0,20.2,29,2026,Bam Adebayo
5,572,5,2025-10-30,MIA,@,SAS,"L, 101-107",*,37:10,12.0,27.0,.444,4.0,13.0,.308,8.0,14.0,.571,.519,3.0,4.0,.750,1.0,9.0,10.0,3.0,1.0,1.0,2.0,2.0,31.0,20.9,7,2026,Bam Adebayo
6,573,6,2025-11-02,MIA,@,LAL,"L, 120-130",*,36:20,6.0,11.0,.545,1.0,5.0,.200,5.0,6.0,.833,.591,4.0,4.0,1.000,1.0,7.0,8.0,5.0,3.0,1.0,0.0,1.0,17.0,21.3,-13,2026,Bam Adebayo
7,574,7,2025-11-03,MIA,@,LAC,"W, 120-119",*,30:13,10.0,18.0,.556,2.0,4.0,.500,8.0,14.0,.571,.611,3.0,5.0,.600,0.0,10.0,10.0,4.0,2.0,0.0,2.0,1.0,25.0,21.0,2,2026,Bam Adebayo
8,575,8,2025-11-05,MIA,@,DEN,"L, 112-122",*,08:12,1.0,5.0,.200,0.0,2.0,.000,1.0,3.0,.333,.200,0.0,0.0,,0.0,1.0,1.0,0.0,0.0,0.0,0.0,1.0,2.0,-1.2,4,2026,Bam Adebayo
