personId,firstName,lastName,Date,predictedPoints,MSE,playerteamName,opponentteamName
1630173,Precious,Achiuwa,2025-12-27 17:00:00,5.644920825958252,32.52444839477539,Kings,Mavericks
203500,Steven,Adams,2025-12-25 20:00:00,12.283288955688477,31.07213592529297,Rockets,Lakers
1628389,Bam,Adebayo,2025-12-26 19:00:00,1.6655200719833374,80.0383529663086,Heat,Hawks
1630534,Ochai,Agbaji,2025-12-26 19:00:00,5.162546634674072,33.99199295043945,Raptors,Wizards
1630583,Santi,Aldama,2025-12-26 20:00:00,31.309770584106445,67.1566390991211,Grizzlies,Bucks
1629638,Nickeil,Alexander-Walker,2025-12-26 19:00:00,0.0,133.76661682128906,Hawks,Heat
1628960,Grayson,Allen,2025-12-26 20:00:00,2.4615440368652344,76.20035552978516,Suns,Pelicans
1628386,Jarrett,Allen,2025-12-25 12:00:00,24.778202056884766,48.61945343017578,Cavaliers,Knicks
1630631,Jose,Alvarado,2025-12-26 20:00:00,5.480231285095215,58.687156677246094,Pelicans,Suns
203937,Kyle,Anderson,2025-12-26 21:30:00,1.2808184623718262,19.12731170654297,Jazz,Pistons
203507,Giannis,Antetokounmpo,2025-12-26 20:00:00,4.477522373199463,113.61775970458984,Bucks,Grizzlies
203648,Thanasis,Antetokounmpo,2025-12-26 20:00:00,0.2527011036872864,8.686668395996094,Bucks,Grizzlies
1630175,Cole,Anthony,2025-12-26 20:00:00,14.454935073852539,154.24655151367188,Bucks,Grizzlies
1628384,OG,Anunoby,2025-12-25 12:00:00,27.258630752563477,184.77015686035156,Knicks,Cavaliers
1630166,Deni,Avdija,2025-12-26 22:00:00,36.794742584228516,92.92130279541016,Trail Blazers,Clippers
1629028,Deandre,Ayton,2025-12-25 20:00:00,28.602554321289062,68.99066925048828,Lakers,Rockets
1628963,Marvin,Bagley III,2025-12-26 19:00:00,2.5864288806915283,140.03897094726562,Wizards,Raptors
1630163,LaMelo,Ball,2025-12-26 19:00:00,20.64858055114746,258.69818115234375,Hornets,Magic
1631094,Paolo,Banchero,2025-12-26 19:00:00,29.753250122070312,25.748653411865234,Magic,Hornets
1630217,Desmond,Bane,2025-12-26 19:00:00,35.860137939453125,172.8923797607422,Magic,Hornets
203084,Harrison,Barnes,2025-12-25 14:30:00,8.576984405517578,100.47007751464844,Spurs,Thunder
1630567,Scottie,Barnes,2025-12-26 19:00:00,27.43079376220703,63.89957046508789,Raptors,Wizards
1629628,RJ,Barrett,2025-12-26 19:00:00,10.374828338623047,100.48551940917969,Raptors,Wizards
1629646,Charles,Bassey,2025-12-25 14:30:00,2.144911766052246,6.72074556350708,Spurs,Thunder
1642419,Jamison,Battle,2025-12-26 19:00:00,1.8362945318222046,2.4373607635498047,Raptors,Wizards
201587,Nicolas,Batum,2025-12-26 22:00:00,5.082697868347168,25.597610473632812,Clippers,Trail Blazers
203078,Bradley,Beal,2025-12-26 22:00:00,31.32581901550293,118.5006103515625,Clippers,Trail Blazers
1630180,Saddiq,Bey,2025-12-26 20:00:00,16.65286636352539,273.2947692871094,Pelicans,Suns
1629048,Goga,Bitadze,2025-12-26 19:00:00,7.384769916534424,1.7098523378372192,Magic,Hornets
202687,Bismack,Biyombo,2025-12-26 20:00:00,0.0,56.995479583740234,Grizzlies,Bucks
1641710,Anthony,Black,2025-12-26 19:00:00,15.791488647460938,109.0482406616211,Magic,Hornets
203992,Bogdan,Bogdanovic,2025-12-26 22:00:00,9.12090015411377,86.6070327758789,Clippers,Trail Blazers
1626164,Devin,Booker,2025-12-26 20:00:00,19.545005798339844,166.2485809326172,Suns,Pelicans
1628449,Chris,Boucher,2025-12-26 19:00:00,0.9313748478889465,85.75733947753906,Raptors,Wizards
1628396,Tony,Bradley,2025-12-26 19:00:00,1.0865068435668945,5.451528549194336,Pacers,Celtics
1631103,Malaki,Branham,2025-12-26 19:00:00,4.420374870300293,48.432403564453125,Wizards,Raptors
1631128,Christian,Braun,2025-12-25 22:30:00,32.960697174072266,221.44898986816406,Nuggets,Timberwolves
1628969,Mikal,Bridges,2025-12-25 12:00:00,20.977262496948242,41.204383850097656,Knicks,Cavaliers
1628970,Miles,Bridges,2025-12-26 19:00:00,20.178659439086914,37.22246551513672,Hornets,Magic
1628415,Dillon,Brooks,2025-12-26 20:00:00,8.067556381225586,133.97129821777344,Suns,Pelicans
1628971,Bruce,Brown,2025-12-25 22:30:00,26.22393226623535,298.6987609863281,Nuggets,Timberwolves
1627759,Jaylen,Brown,2025-12-26 19:00:00,27.127336502075195,63.44572448730469,Celtics,Pacers
1641738,Kobe,Brown,2025-12-26 22:00:00,0.0,52.78566360473633,Clippers,Trail Blazers
1628973,Jalen,Brunson,2025-12-25 12:00:00,25.54754638671875,106.0681381225586,Knicks,Cavaliers
1628418,Thomas,Bryant,2025-12-25 12:00:00,4.35025691986084,28.83616828918457,Cavaliers,Knicks
202710,Jimmy,Butler III,2025-12-25 17:00:00,24.012243270874023,96.11124420166016,Warriors,Mavericks
1641824,Matas,Buzelis,2025-12-26 19:30:00,13.842337608337402,42.63854217529297,Bulls,76ers
203484,Kentavious,Caldwell-Pope,2025-12-26 20:00:00,12.144638061523438,71.40013885498047,Grizzlies,Bucks
1641739,Toumani,Camara,2025-12-26 22:00:00,15.300092697143555,15.630419731140137,Trail Blazers,Clippers
203991,Clint,Capela,2025-12-25 20:00:00,4.2249755859375,42.34744644165039,Rockets,Lakers
1642267,Bub,Carrington,2025-12-26 19:00:00,10.086038589477539,11.992833137512207,Wizards,Raptors
1628975,Jevon,Carter,2025-12-26 19:30:00,0.0,22.47877311706543,Bulls,76ers
1628976,Wendell,Carter Jr.,2025-12-26 19:00:00,9.672268867492676,32.163291931152344,Magic,Hornets
1627936,Alex,Caruso,2025-12-25 14:30:00,5.393868446350098,57.85478591918945,Thunder,Spurs
1642264,Stephon,Castle,2025-12-25 14:30:00,8.183428764343262,235.69912719726562,Spurs,Thunder
1630577,Julian,Champagnie,2025-12-25 14:30:00,6.014801979064941,209.91339111328125,Spurs,Thunder
1630551,Justin,Champagnie,2025-12-26 19:00:00,8.624019622802734,96.56094360351562,Wizards,Raptors
1631108,Max,Christie,2025-12-25 17:00:00,12.882796287536621,25.87314796447754,Mavericks,Warriors
1641740,Jaylen,Clark,2025-12-25 22:30:00,3.6742911338806152,8.305602073669434,Timberwolves,Nuggets
1629634,Brandon,Clarke,2025-12-26 20:00:00,3.842794179916382,134.90419006347656,Grizzlies,Bucks
203903,Jordan,Clarkson,2025-12-25 12:00:00,16.580833435058594,325.47918701171875,Knicks,Cavaliers
1629651,Nic,Claxton,2025-12-27 20:00:00,11.93669319152832,165.7489471435547,Nets,Timberwolves
1629599,Amir,Coffey,2025-12-26 20:00:00,3.880340337753296,109.45640563964844,Bucks,Grizzlies
1628381,John,Collins,2025-12-26 22:00:00,10.93337631225586,88.35174560546875,Clippers,Trail Blazers
1628380,Zach,Collins,2025-12-26 19:30:00,0.0,37.119441986083984,Bulls,76ers
201144,Mike,Conley,2025-12-25 22:30:00,13.081587791442871,48.555938720703125,Timberwolves,Nuggets
1626192,Pat,Connaughton,2025-12-26 19:00:00,3.0527093410491943,30.725616455078125,Hornets,Magic
1641731,Bilal,Coulibaly,2025-12-26 19:00:00,23.8719482421875,43.54194641113281,Wizards,Raptors
1630595,Cade,Cunningham,2025-12-26 21:30:00,10.53663444519043,328.7077941894531,Pistons,Jazz
203552,Seth,Curry,2025-12-26 19:00:00,0.0,40.81403732299805,Hornets,Magic
201939,Stephen,Curry,2025-12-25 17:00:00,33.51951599121094,90.4066390991211,Warriors,Mavericks
1630700,Dyson,Daniels,2025-12-26 19:00:00,7.50930643081665,647.3367919921875,Hawks,Heat
203076,Anthony,Davis,2025-12-25 17:00:00,37.72902297973633,129.31405639648438,Mavericks,Warriors
201942,DeMar,DeRozan,2025-12-27 17:00:00,25.142831802368164,128.0343475341797,Kings,Mavericks
1628978,Donte,DiVincenzo,2025-12-25 22:30:00,0.0,124.3690185546875,Timberwolves,Nuggets
1631217,Moussa,Diabate,2025-12-26 19:00:00,0.0,179.221435546875,Hornets,Magic
1641711,Gradey,Dick,2025-12-26 19:00:00,20.955350875854492,292.67962646484375,Raptors,Wizards
1631172,Ousmane,Dieng,2025-12-25 14:30:00,0.0,34.36353302001953,Thunder,Spurs
1642265,Rob,Dillingham,2025-12-25 22:30:00,6.286981105804443,6.393646240234375,Timberwolves,Nuggets
1629029,Luka,Doncic,2025-12-25 20:00:00,25.320329666137695,120.94771575927734,Lakers,Rockets
1629652,Luguentz,Dort,2025-12-25 14:30:00,2.969496011734009,41.87580871582031,Thunder,Spurs
1630245,Ayo,Dosunmu,2025-12-26 19:30:00,11.942021369934082,104.70338439941406,Bulls,76ers
203083,Andre,Drummond,2025-12-26 19:30:00,3.3800339698791504,31.321535110473633,76ers,Bulls
1627739,Kris,Dunn,2025-12-26 22:00:00,4.707787036895752,95.91644287109375,Clippers,Trail Blazers
201142,Kevin,Durant,2025-12-25 20:00:00,36.75495147705078,113.16996765136719,Rockets,Lakers
1631105,Jalen,Duren,2025-12-26 21:30:00,19.683170318603516,159.3467254638672,Pistons,Jazz
1631106,Tari,Eason,2025-12-25 20:00:00,0.0,48.836856842041016,Rockets,Lakers
1641744,Zach,Edey,2025-12-26 20:00:00,0.17470623552799225,144.39944458007812,Grizzlies,Bucks
1630162,Anthony,Edwards,2025-12-25 22:30:00,24.503398895263672,66.53827667236328,Timberwolves,Nuggets
1631165,Keon,Ellis,2025-12-27 17:00:00,8.497001647949219,27.656883239746094,Kings,Mavericks
203954,Joel,Embiid,2025-12-26 19:30:00,25.535179138183594,145.71337890625,76ers,Bulls
1629234,Drew,Eubanks,2025-12-27 17:00:00,6.96699333190918,103.16879272460938,Kings,Mavericks
1631323,Simone,Fontecchio,2025-12-26 19:00:00,6.8884124755859375,2.816542863845825,Heat,Hawks
1628368,De'Aaron,Fox,2025-12-25 14:30:00,32.7891845703125,460.69110107421875,Spurs,Thunder
1642277,Johnny,Furphy,2025-12-26 19:00:00,0.0,3.3255245685577393,Pacers,Celtics
1629655,Daniel,Gafford,2025-12-25 17:00:00,12.916178703308105,43.94293212890625,Mavericks,Warriors
1629636,Darius,Garland,2025-12-25 12:00:00,0.0,303.2961120605469,Cavaliers,Knicks
1630568,Luka,Garza,2025-12-26 19:00:00,14.694048881530762,18.202850341796875,Celtics,Pacers
1641718,Keyonte,George,2025-12-26 21:30:00,28.520139694213867,120.64063262939453,Jazz,Pistons
202331,Paul,George,2025-12-26 19:30:00,19.04418182373047,141.7978057861328,76ers,Bulls
1630581,Josh,Giddey,2025-12-26 19:30:00,0.0,453.24798583984375,Bulls,76ers
1628983,Shai,Gilgeous-Alexander,2025-12-25 14:30:00,43.589473724365234,170.05384826660156,Thunder,Spurs
1630264,Anthony,Gill,2025-12-26 19:00:00,2.3671438694000244,18.044227600097656,Wizards,Raptors
203497,Rudy,Gobert,2025-12-25 22:30:00,12.256742477416992,92.83509826660156,Timberwolves,Nuggets
1630692,Jordan,Goodwin,2025-12-26 20:00:00,13.115724563598633,195.204345703125,Suns,Pelicans
203932,Aaron,Gordon,2025-12-25 22:30:00,13.822158813476562,48.18666458129883,Nuggets,Timberwolves
201569,Eric,Gordon,2025-12-26 19:30:00,20.20655632019043,73.80045318603516,76ers,Bulls
203924,Jerami,Grant,2025-12-26 22:00:00,11.869763374328613,291.85784912109375,Trail Blazers,Clippers
1631260,AJ,Green,2025-12-26 20:00:00,0.0,93.98387145996094,Bucks,Grizzlies
203110,Draymond,Green,2025-12-25 17:00:00,9.94018268585205,37.24192810058594,Warriors,Mavericks
1630224,Jalen,Green,2025-12-25 20:00:00,15.73981761932373,100.9051284790039,Rockets,Lakers
1629750,Javonte,Green,2025-12-26 21:30:00,19.924510955810547,155.5721435546875,Pistons,Jazz
201145,Jeff,Green,2025-12-25 20:00:00,5.924361705780029,33.07460021972656,Rockets,Lakers
1630182,Josh,Green,2025-12-26 19:00:00,0.4082833230495453,126.15863037109375,Hornets,Magic
1629656,Quentin,Grimes,2025-12-26 19:30:00,0.0,363.1051025390625,76ers,Bulls
1629060,Rui,Hachimura,2025-12-25 20:00:00,4.777777194976807,123.64849090576172,Lakers,Rockets
203501,Tim,Hardaway Jr.,2025-12-25 22:30:00,3.7844321727752686,62.56446075439453,Nuggets,Timberwolves
201935,James,Harden,2025-12-26 22:00:00,31.074813842773438,108.39274597167969,Clippers,Trail Blazers
1630702,Jaden,Hardy,2025-12-25 17:00:00,3.705404281616211,72.9665298461914,Mavericks,Warriors
203914,Gary,Harris,2025-12-26 20:00:00,5.848209381103516,30.34425926208496,Bucks,Grizzlies
202699,Tobias,Harris,2025-12-26 21:30:00,32.237037658691406,85.09130096435547,Pistons,Jazz
1628404,Josh,Hart,2025-12-25 12:00:00,11.387338638305664,63.27398681640625,Knicks,Cavaliers
1628392,Isaiah,Hartenstein,2025-12-25 14:30:00,8.7457275390625,95.83287048339844,Thunder,Spurs
1630573,Sam,Hauser,2025-12-26 19:00:00,7.421293258666992,34.05571746826172,Celtics,Pacers
1641722,Jordan,Hawkins,2025-12-26 20:00:00,7.101500988006592,37.58714294433594,Pelicans,Suns
1629637,Jaxson,Hayes,2025-12-25 20:00:00,0.0,72.58601379394531,Lakers,Rockets
1629639,Tyler,Herro,2025-12-26 19:00:00,22.0491943359375,258.2235107421875,Heat,Hawks
1627741,Buddy,Hield,2025-12-25 17:00:00,28.605504989624023,163.30213928222656,Warriors,Mavericks
1628988,Aaron,Holiday,2025-12-25 20:00:00,2.067871332168579,44.56310272216797,Rockets,Lakers
201950,Jrue,Holiday,2025-12-26 22:00:00,12.833366394042969,48.90128707885742,Trail Blazers,Clippers
1641842,Ronald,Holland II,2025-12-26 21:30:00,4.791335582733154,132.35076904296875,Pistons,Jazz
1631096,Chet,Holmgren,2025-12-25 14:30:00,15.112739562988281,39.1286735534668,Thunder,Spurs
201143,Al,Horford,2025-12-25 17:00:00,10.138739585876465,38.707637786865234,Warriors,Mavericks
1631216,Caleb,Houstan,2025-12-26 19:00:00,0.0,6.96002197265625,Hawks,Heat
1641724,Jett,Howard,2025-12-26 19:00:00,3.4259192943573,114.16515350341797,Magic,Hornets
1628989,Kevin,Huerter,2025-12-26 19:30:00,4.9829583168029785,27.50775909423828,Bulls,76ers
1630643,Jay,Huff,2025-12-26 19:00:00,0.0,34.312461853027344,Pacers,Celtics
1630574,Ariel,Hukporti,2025-12-25 12:00:00,0.0,0.0512068048119545,Knicks,Cavaliers
1629631,De'Andre,Hunter,2025-12-25 12:00:00,22.5471248626709,55.79484558105469,Cavaliers,Knicks
1630538,Bones,Hyland,2025-12-25 22:30:00,11.253650665283203,67.12283325195312,Timberwolves,Nuggets
1642345,Oso,Ighodaro,2025-12-26 20:00:00,8.374174118041992,29.823787689208984,Suns,Pelicans
204060,Joe,Ingles,2025-12-25 22:30:00,8.40577220916748,59.289615631103516,Timberwolves,Nuggets
1627742,Brandon,Ingram,2025-12-26 19:00:00,26.50442123413086,87.20984649658203,Raptors,Wizards
1628371,Jonathan,Isaac,2025-12-26 19:00:00,7.061880588531494,27.423463821411133,Magic,Hornets
1631093,Jaden,Ivey,2025-12-26 21:30:00,11.381013870239258,129.06517028808594,Pistons,Jazz
1630543,Isaiah,Jackson,2025-12-26 19:00:00,0.0,27.52017593383789,Pacers,Celtics
1641748,Andre,Jackson Jr.,2025-12-26 20:00:00,0.0,8.205945014953613,Bucks,Grizzlies
1628991,Jaren,Jackson Jr.,2025-12-26 20:00:00,14.03664779663086,46.5936164855957,Grizzlies,Bucks
1631218,Trayce,Jackson-Davis,2025-12-25 17:00:00,1.9866011142730713,72.55982208251953,Warriors,Mavericks
2544,LeBron,James,2025-12-25 20:00:00,25.555097579956055,59.00980758666992,Lakers,Rockets
1631170,Jaime,Jaquez Jr.,2025-12-26 19:00:00,0.0,73.80155181884766,Heat,Hawks
1630198,Isaiah,Joe,2025-12-25 14:30:00,4.55459451675415,29.778547286987305,Thunder,Spurs
1629661,Cameron,Johnson,2025-12-25 22:30:00,0.0,333.6439208984375,Nuggets,Timberwolves
1630552,Jalen,Johnson,2025-12-26 19:00:00,10.502532005310059,146.93722534179688,Hawks,Heat
1629640,Keldon,Johnson,2025-12-25 14:30:00,14.109574317932129,86.42955780029297,Spurs,Thunder
203999,Nikola,Jokic,2025-12-25 22:30:00,28.807504653930664,124.55873107910156,Nuggets,Timberwolves
1630529,Herbert,Jones,2025-12-26 20:00:00,10.680377006530762,22.592666625976562,Pelicans,Suns
1630200,Tre,Jones,2025-12-26 19:30:00,3.033022880554199,163.1659393310547,Bulls,76ers
1626145,Tyus,Jones,2025-12-26 19:00:00,7.460217475891113,85.66598510742188,Magic,Hornets
1627884,Derrick,Jones Jr.,2025-12-26 22:00:00,0.0,67.57414245605469,Clippers,Trail Blazers
201599,DeAndre,Jordan,2025-12-25 22:30:00,7.196816444396973,16.213932037353516,Nuggets,Timberwolves
1631107,Nikola,Jovic,2025-12-26 19:00:00,1.4971840381622314,38.105525970458984,Heat,Hawks
1628379,Luke,Kennard,2025-12-26 19:00:00,0.0,375.4521484375,Hawks,Heat
1630557,Corey,Kispert,2025-12-26 19:00:00,18.86127471923828,142.7127685546875,Wizards,Raptors
1628467,Maxi,Kleber,2025-12-25 20:00:00,18.765287399291992,241.41490173339844,Lakers,Rockets
1642261,Dalton,Knecht,2025-12-25 20:00:00,4.321839809417725,5.7899861335754395,Lakers,Rockets
1642278,Tyler,Kolek,2025-12-25 12:00:00,8.607763290405273,34.39788055419922,Knicks,Cavaliers
1629723,John,Konchar,2025-12-26 20:00:00,1.7160388231277466,16.948535919189453,Grizzlies,Bucks
1628436,Luke,Kornet,2025-12-25 14:30:00,1.689692497253418,39.202308654785156,Spurs,Thunder
1630249,Vit,Krejci,2025-12-26 19:00:00,0.0,283.404052734375,Hawks,Heat
1630228,Jonathan,Kuminga,2025-12-25 17:00:00,18.405141830444336,167.71563720703125,Warriors,Mavericks
1628398,Kyle,Kuzma,2025-12-26 20:00:00,31.493562698364258,197.8910675048828,Bucks,Grizzlies
1631222,Jake,LaRavia,2025-12-25 20:00:00,8.436025619506836,13.985796928405762,Lakers,Rockets
203897,Zach,LaVine,2025-12-27 17:00:00,34.436668395996094,360.818359375,Kings,Mavericks
1629111,Jock,Landale,2025-12-26 20:00:00,11.789711952209473,74.16100311279297,Grizzlies,Bucks
1641796,Pelle,Larsson,2025-12-26 19:00:00,7.491758823394775,1.8402810096740723,Heat,Hawks
1630639,A.J.,Lawson,2025-12-26 19:00:00,2.297800064086914,0.6668586730957031,Raptors,Wizards
1627747,Caris,LeVert,2025-12-26 21:30:00,11.097604751586914,44.011165618896484,Pistons,Jazz
202695,Kawhi,Leonard,2025-12-26 22:00:00,28.040836334228516,128.7353973388672,Clippers,Trail Blazers
1641726,Dereck,Lively II,2025-12-25 17:00:00,12.116458892822266,61.515625,Mavericks,Warriors
1641753,Chris,Livingston,2025-12-26 20:00:00,0.0,2.106051206588745,Bucks,Grizzlies
1626172,Kevon,Looney,2025-12-26 20:00:00,5.240232944488525,12.50875186920166,Pelicans,Suns
201572,Brook,Lopez,2025-12-26 22:00:00,5.998770713806152,78.67312622070312,Clippers,Trail Blazers
201567,Kevin,Love,2025-12-26 21:30:00,8.972023963928223,34.463844299316406,Jazz,Pistons
200768,Kyle,Lowry,2025-12-26 19:30:00,0.0,45.12495803833008,76ers,Bulls
1630572,Sandro,Mamukelashvili,2025-12-26 19:00:00,18.89057159423828,354.764404296875,Raptors,Wizards
1629611,Terance,Mann,2025-12-27 20:00:00,12.51396656036377,41.20458221435547,Nets,Timberwolves
1628374,Lauri,Markkanen,2025-12-26 21:30:00,19.949344635009766,26.466461181640625,Jazz,Pistons
1630230,Naji,Marshall,2025-12-25 17:00:00,0.2414298802614212,100.1181640625,Mavericks,Warriors
1628997,Caleb,Martin,2025-12-25 17:00:00,13.610957145690918,97.67733001708984,Mavericks,Warriors
1629726,Garrison,Mathews,2025-12-26 19:00:00,0.0,27.632659912109375,Pacers,Celtics
1631097,Bennedict,Mathurin,2025-12-26 19:00:00,47.91313171386719,72.29544067382812,Pacers,Celtics
1630178,Tyrese,Maxey,2025-12-26 19:30:00,33.440338134765625,235.2693634033203,76ers,Bulls
1630540,Miles,McBride,2025-12-25 12:00:00,12.134182929992676,135.41156005859375,Knicks,Cavaliers
203468,CJ,McCollum,2025-12-26 19:00:00,23.915546417236328,241.42074584960938,Wizards,Raptors
204456,T.J.,McConnell,2025-12-26 19:00:00,16.03145408630371,45.31095504760742,Pacers,Celtics
1630183,Jaden,McDaniels,2025-12-25 22:30:00,23.618946075439453,122.035888671875,Timberwolves,Nuggets
203926,Doug,McDermott,2025-12-27 17:00:00,14.18875789642334,79.74964904785156,Kings,Mavericks
1629162,Jordan,McLaughlin,2025-12-25 14:30:00,3.7603564262390137,29.64899253845215,Spurs,Thunder
1629001,De'Anthony,Melton,2025-12-25 17:00:00,0.0,497.74066162109375,Warriors,Mavericks
1630241,Sam,Merrill,2025-12-25 12:00:00,0.0,30.8522891998291,Cavaliers,Knicks
203114,Khris,Middleton,2025-12-26 19:00:00,21.907535552978516,135.3231658935547,Wizards,Raptors
1641706,Brandon,Miller,2025-12-26 19:00:00,14.192930221557617,34.58647918701172,Hornets,Magic
1641757,Jordan,Miller,2025-12-26 22:00:00,3.3253939151763916,11.491232872009277,Clippers,Trail Blazers
1631169,Josh,Minott,2025-12-26 19:00:00,6.936115264892578,75.12567138671875,Celtics,Pacers
1642349,Ajay,Mitchell,2025-12-25 14:30:00,9.329314231872559,149.4445343017578,Thunder,Spurs
1630558,Davion,Mitchell,2025-12-26 19:00:00,8.554759979248047,118.620361328125,Heat,Hawks
1628378,Donovan,Mitchell,2025-12-25 12:00:00,22.588228225708008,211.9829864501953,Cavaliers,Knicks
1630596,Evan,Mobley,2025-12-25 12:00:00,33.47578811645508,171.61245727539062,Cavaliers,Knicks
1628370,Malik,Monk,2025-12-27 17:00:00,30.730894088745117,335.82818603515625,Kings,Mavericks
1630541,Moses,Moody,2025-12-25 17:00:00,5.61129903793335,191.39865112304688,Warriors,Mavericks
1631111,Wendell,Moore Jr.,2025-12-26 21:30:00,10.066017150878906,130.61019897460938,Pistons,Jazz
1629630,Ja,Morant,2025-12-26 20:00:00,10.237133979797363,486.9781799316406,Grizzlies,Bucks
1628420,Monte,Morris,2025-12-26 20:00:00,0.0,130.6562957763672,Suns,Pelicans
1630530,Trey,Murphy III,2025-12-26 20:00:00,37.97589874267578,92.43103790283203,Pelicans,Suns
1627750,Jamal,Murray,2025-12-25 22:30:00,13.665124893188477,149.34608459472656,Nuggets,Timberwolves
1631099,Keegan,Murray,2025-12-27 17:00:00,2.369241952896118,84.71031951904297,Kings,Mavericks
1631200,Kris,Murray,2025-12-26 22:00:00,7.07069206237793,3.2941670417785645,Trail Blazers,Clippers
1629004,Svi,Mykhailiuk,2025-12-26 21:30:00,0.0,107.64776611328125,Jazz,Pistons
1626204,Larry,Nance Jr.,2025-12-25 12:00:00,2.9881200790405273,84.041748046875,Cavaliers,Knicks
1629614,Andrew,Nembhard,2025-12-26 19:00:00,18.188465118408203,142.44064331054688,Pacers,Celtics
1630174,Aaron,Nesmith,2025-12-26 19:00:00,0.0,81.86211395263672,Pacers,Celtics
1630192,Zeke,Nnaji,2025-12-25 22:30:00,0.0,16.492748260498047,Nuggets,Timberwolves
203994,Jusuf,Nurkic,2025-12-26 21:30:00,11.22954273223877,103.7634048461914,Jazz,Pistons
1626220,Royce,O'Neale,2025-12-26 20:00:00,12.0147705078125,47.4345703125,Suns,Pelicans
1629006,Josh,Okogie,2025-12-25 20:00:00,1.3069720268249512,25.064327239990234,Rockets,Lakers
1630168,Onyeka,Okongwu,2025-12-26 19:00:00,21.589811325073242,123.54833984375,Hawks,Heat
1630171,Isaac,Okoro,2025-12-26 19:30:00,3.6335384845733643,37.742008209228516,Bulls,76ers
203482,Kelly,Olynyk,2025-12-25 14:30:00,10.901142120361328,54.480369567871094,Spurs,Thunder
1626162,Kelly,Oubre Jr.,2025-12-26 19:30:00,2.2589848041534424,50.27299880981445,76ers,Bulls
101108,Chris,Paul,2025-12-26 22:00:00,13.662775039672852,127.38227081298828,Clippers,Trail Blazers
1627780,Gary,Payton II,2025-12-25 17:00:00,13.247403144836426,64.30143737792969,Warriors,Mavericks
1641763,Julian,Phillips,2025-12-26 19:30:00,6.638401508331299,31.20233154296875,Bulls,76ers
1629618,Jalen,Pickett,2025-12-25 22:30:00,1.7365673780441284,11.219315528869629,Nuggets,Timberwolves
203486,Mason,Plumlee,2025-12-26 19:00:00,0.0,67.34761810302734,Hornets,Magic
1641764,Brandin,Podziemski,2025-12-25 17:00:00,20.57594108581543,188.5060577392578,Warriors,Mavericks
1627751,Jakob,Poeltl,2025-12-26 19:00:00,9.702630043029785,111.43877410888672,Raptors,Wizards
1629673,Jordan,Poole,2025-12-26 20:00:00,38.61589431762695,157.5658416748047,Pelicans,Suns
1641854,Craig,Porter Jr.,2025-12-25 12:00:00,0.0,41.91184616088867,Cavaliers,Knicks
1629645,Kevin,Porter Jr.,2025-12-26 20:00:00,12.741400718688965,0.2625846862792969,Bucks,Grizzlies
1629008,Michael,Porter Jr.,2025-12-27 20:00:00,12.578776359558105,79.15675354003906,Nets,Timberwolves
1626171,Bobby,Portis,2025-12-26 20:00:00,1.2513291835784912,66.67593383789062,Bucks,Grizzlies
204001,Kristaps,Porzingis,2025-12-26 19:00:00,19.78286361694336,114.67529296875,Hawks,Heat
1642366,Quinten,Post,2025-12-25 17:00:00,4.927565574645996,36.415462493896484,Warriors,Mavericks
203939,Dwight,Powell,2025-12-25 17:00:00,3.0465590953826904,16.93279266357422,Mavericks,Warriors
1626181,Norman,Powell,2025-12-26 19:00:00,23.16763687133789,136.6699981689453,Heat,Hawks
1627752,Taurean,Prince,2025-12-26 20:00:00,0.0,82.53500366210938,Bucks,Grizzlies
1630202,Payton,Pritchard,2025-12-26 19:00:00,10.49592113494873,91.65580749511719,Celtics,Pacers
1641765,Olivier-Maxence,Prosper,2025-12-26 20:00:00,4.073268413543701,26.402400970458984,Grizzlies,Bucks
1629674,Neemias,Queta,2025-12-26 19:00:00,0.5636615753173828,91.33657836914062,Celtics,Pacers
1630193,Immanuel,Quickley,2025-12-26 19:00:00,24.938541412353516,141.6990509033203,Raptors,Wizards
203944,Julius,Randle,2025-12-25 22:30:00,25.282854080200195,120.53497314453125,Timberwolves,Nuggets
1641871,Duop,Reath,2025-12-26 22:00:00,2.8093433380126953,14.173550605773926,Trail Blazers,Clippers
1630559,Austin,Reaves,2025-12-25 20:00:00,22.375484466552734,136.35568237304688,Lakers,Rockets
1630194,Paul,Reed,2025-12-26 21:30:00,9.942946434020996,25.02903938293457,Pistons,Jazz
1629675,Naz,Reid,2025-12-25 22:30:00,21.28347396850586,68.72423553466797,Timberwolves,Nuggets
1630208,Nick,Richards,2025-12-26 20:00:00,14.070159912109375,12.092435836791992,Suns,Pelicans
1642258,Zaccharie,Risacher,2025-12-26 19:00:00,8.937830924987793,91.49331665039062,Hawks,Heat
1629130,Duncan,Robinson,2025-12-26 21:30:00,11.483160972595215,22.202856063842773,Pistons,Jazz
1629011,Mitchell,Robinson,2025-12-25 12:00:00,4.75039529800415,14.14714241027832,Knicks,Cavaliers
1630526,Jeremiah,Robinson-Earl,2025-12-26 19:00:00,4.339764595031738,10.428108215332031,Pacers,Celtics
1631157,Ryan,Rollins,2025-12-26 20:00:00,0.0,161.3956298828125,Bucks,Grizzlies
1641712,Rayan,Rupert,2025-12-26 22:00:00,4.392123222351074,12.149422645568848,Trail Blazers,Clippers
1626156,D'Angelo,Russell,2025-12-25 17:00:00,11.127833366394043,138.2530517578125,Mavericks,Warriors
1627734,Domantas,Sabonis,2025-12-27 17:00:00,24.932218551635742,171.1240234375,Kings,Mavericks
1630611,Gui,Santos,2025-12-25 17:00:00,5.952831745147705,14.237200736999512,Warriors,Mavericks
203967,Dario,Saric,2025-12-25 22:30:00,0.0,49.89116668701172,Nuggets,Timberwolves
1642259,Alex,Sarr,2025-12-26 19:00:00,26.790328979492188,46.78609848022461,Wizards,Raptors
203471,Dennis,Schroder,2025-12-27 17:00:00,29.54673194885254,76.35615539550781,Kings,Mavericks
1630578,Alperen,Sengun,2025-12-25 20:00:00,24.589998245239258,92.85397338867188,Rockets,Lakers
1629012,Collin,Sexton,2025-12-26 19:00:00,18.578990936279297,7.832890033721924,Hornets,Magic
1629013,Landry,Shamet,2025-12-25 12:00:00,17.301380157470703,97.036376953125,Knicks,Cavaliers
1630545,Terrence,Shannon Jr.,2025-12-25 22:30:00,22.247745513916016,72.57987213134766,Timberwolves,Nuggets
1630549,Day'Ron,Sharpe,2025-12-27 20:00:00,5.263757228851318,15.792411804199219,Nets,Timberwolves
1631101,Shaedon,Sharpe,2025-12-26 22:00:00,9.699870109558105,22.482200622558594,Trail Blazers,Clippers
1642347,Jamal,Shead,2025-12-26 19:00:00,0.0,172.12954711914062,Raptors,Wizards
1641767,Ben,Sheppard,2025-12-26 19:00:00,9.662410736083984,12.505242347717285,Pacers,Celtics
1642263,Reed,Sheppard,2025-12-25 20:00:00,0.0,1573.724853515625,Rockets,Lakers
1627783,Pascal,Siakam,2025-12-26 19:00:00,21.02975082397461,71.44002532958984,Pacers,Celtics
1629014,Anfernee,Simons,2025-12-26 19:00:00,12.676702499389648,31.572233200073242,Celtics,Pacers
1630579,Jericho,Sims,2025-12-26 20:00:00,0.0,24.075803756713867,Bucks,Grizzlies
203935,Marcus,Smart,2025-12-25 20:00:00,12.27927017211914,62.038631439208984,Lakers,Rockets
1630188,Jalen,Smith,2025-12-26 19:30:00,0.0,96.73045349121094,Bulls,76ers
1631095,Jabari,Smith Jr.,2025-12-25 20:00:00,13.954625129699707,123.74129486083984,Rockets,Lakers
1631110,Jeremy,Sochan,2025-12-25 14:30:00,3.151759147644043,19.948856353759766,Spurs,Thunder
1630311,Pat,Spencer,2025-12-25 17:00:00,1.8258339166641235,141.28651428222656,Warriors,Mavericks
1630191,Isaiah,Stewart,2025-12-26 21:30:00,3.168811321258545,21.398557662963867,Pistons,Jazz
1631124,Julian,Strawther,2025-12-25 22:30:00,0.0,72.18260192871094,Nuggets,Timberwolves
1630591,Jalen,Suggs,2025-12-26 19:00:00,9.830804824829102,162.29351806640625,Magic,Hornets
1630256,Jae'Sean,Tate,2025-12-25 20:00:00,3.786222457885742,6.059109687805176,Rockets,Lakers
202066,Garrett,Temple,2025-12-26 19:00:00,7.4978461265563965,124.77674865722656,Raptors,Wizards
1631207,Dalen,Terry,2025-12-26 19:30:00,4.651988506317139,41.86330032348633,Bulls,76ers
1641708,Amen,Thompson,2025-12-25 20:00:00,28.682647705078125,125.07698822021484,Rockets,Lakers
1641709,Ausar,Thompson,2025-12-26 21:30:00,9.233034133911133,73.75952911376953,Pistons,Jazz
202691,Klay,Thompson,2025-12-25 17:00:00,23.35011100769043,128.5826873779297,Mavericks,Warriors
1629680,Matisse,Thybulle,2025-12-26 22:00:00,5.8586883544921875,10.472452163696289,Trail Blazers,Clippers
1630214,Xavier,Tillman,2025-12-26 19:00:00,21.906192779541016,72.5981674194336,Celtics,Pacers
1630167,Obi,Toppin,2025-12-26 19:00:00,20.763715744018555,108.69977569580078,Pacers,Celtics
1626157,Karl-Anthony,Towns,2025-12-25 12:00:00,28.026521682739258,52.27220153808594,Knicks,Cavaliers
1629018,Gary,Trent Jr.,2025-12-26 20:00:00,0.0,394.8562316894531,Bucks,Grizzlies
1626167,Myles,Turner,2025-12-26 20:00:00,10.355303764343262,49.601036071777344,Bucks,Grizzlies
1641816,Hunter,Tyson,2025-12-25 22:30:00,6.43831205368042,17.993513107299805,Nuggets,Timberwolves
1642281,Jaylon,Tyson,2025-12-25 12:00:00,17.38132667541504,81.78630828857422,Cavaliers,Knicks
202685,Jonas,Valanciunas,2025-12-25 22:30:00,20.641183853149414,69.75120544433594,Nuggets,Timberwolves
1629020,Jarred,Vanderbilt,2025-12-25 20:00:00,0.0,33.104801177978516,Lakers,Rockets
1630170,Devin,Vassell,2025-12-25 14:30:00,24.599714279174805,93.3831787109375,Spurs,Thunder
1629216,Gabe,Vincent,2025-12-25 20:00:00,1.668548822402954,35.266971588134766,Lakers,Rockets
202696,Nikola,Vucevic,2025-12-26 19:30:00,13.898749351501465,225.4078826904297,Bulls,76ers
1629731,Dean,Wade,2025-12-25 12:00:00,2.9392359256744385,21.08547592163086,Cavaliers,Knicks
1630532,Franz,Wagner,2025-12-26 19:00:00,13.880746841430664,31.893239974975586,Magic,Hornets
1631133,Jabari,Walker,2025-12-26 19:30:00,6.350971221923828,45.168792724609375,76ers,Bulls
1641716,Jarace,Walker,2025-12-26 19:00:00,15.389057159423828,58.16872787475586,Pacers,Celtics
1641717,Cason,Wallace,2025-12-25 14:30:00,4.883767127990723,27.6389217376709,Thunder,Spurs
1641775,Jordan,Walsh,2025-12-26 19:00:00,0.0,33.451332092285156,Celtics,Pacers
1642276,Kel'el,Ware,2025-12-26 19:00:00,6.880064964294434,28.57550048828125,Heat,Hawks
1629023,P.J.,Washington,2025-12-25 17:00:00,13.458333015441895,34.89486312866211,Mavericks,Warriors
1630322,Lindy,Waters III,2025-12-25 14:30:00,5.15544319152832,22.46674919128418,Spurs,Thunder
1630570,Trendon,Watford,2025-12-26 19:30:00,0.4959021806716919,1.0304912328720093,76ers,Bulls
1631212,Peyton,Watson,2025-12-25 22:30:00,0.34076032042503357,63.561458587646484,Nuggets,Timberwolves
1641705,Victor,Wembanyama,2025-12-25 14:30:00,26.828609466552734,8.848504066467285,Spurs,Thunder
201566,Russell,Westbrook,2025-12-27 17:00:00,20.651336669921875,73.76275634765625,Kings,Mavericks
1629632,Coby,White,2025-12-26 19:30:00,28.41661834716797,42.129825592041016,Bulls,76ers
1628401,Derrick,White,2025-12-26 19:00:00,22.548709869384766,135.3449249267578,Celtics,Pacers
1630598,Aaron,Wiggins,2025-12-25 14:30:00,13.246499061584473,54.38862991333008,Thunder,Spurs
203952,Andrew,Wiggins,2025-12-26 19:00:00,13.396032333374023,83.19425201416016,Heat,Hawks
1631114,Jalen,Williams,2025-12-25 14:30:00,10.030674934387207,483.7379455566406,Thunder,Spurs
1631119,Jaylin,Williams,2025-12-25 14:30:00,0.0,215.20858764648438,Thunder,Spurs
1629026,Kenrich,Williams,2025-12-25 14:30:00,2.2254650592803955,3.445086717605591,Thunder,Spurs
1631109,Mark,Williams,2025-12-26 20:00:00,13.710037231445312,42.58420181274414,Suns,Pelicans
1630172,Patrick,Williams,2025-12-26 19:30:00,10.582650184631348,31.992395401000977,Bulls,76ers
1630533,Ziaire,Williams,2025-12-27 20:00:00,8.793137550354004,147.5889434814453,Nets,Timberwolves
1629057,Robert,Williams III,2025-12-26 22:00:00,14.230669975280762,50.56320571899414,Trail Blazers,Clippers
1631246,Vince,Williams Jr.,2025-12-26 20:00:00,0.0,34.0399284362793,Grizzlies,Bucks
1629627,Zion,Williamson,2025-12-26 20:00:00,23.1627197265625,43.83584976196289,Pelicans,Suns
1627824,Guerschon,Yabusele,2025-12-25 12:00:00,1.56584894657135,12.079593658447266,Knicks,Cavaliers
1629027,Trae,Young,2025-12-26 19:00:00,19.776304244995117,137.33041381835938,Hawks,Heat
1627826,Ivica,Zubac,2025-12-26 22:00:00,5.642516613006592,78.34661102294922,Clippers,Trail Blazers
1641783,Tristan,da Silva,2025-12-26 19:00:00,1.8584554195404053,341.0246276855469,Magic,Hornets
