personId,firstName,lastName,Date,predictedPoints,MSE,playerteamName,opponentteamName,confidence
1630173,Precious,Achiuwa,2025-12-27 17:00:00,7.946047139585991,29.600321396259737,Kings,Mavericks,0.23907279075581914
203500,Steven,Adams,2025-12-27 20:00:00,7.77159337025442,19.803537333819307,Rockets,Cavaliers,0.25017892259106983
1628389,Bam,Adebayo,2025-12-26 19:00:00,22.718809559520842,54.59100193097516,Heat,Hawks,0.11444140323121839
1630534,Ochai,Agbaji,2025-12-26 19:00:00,4.988913540364855,20.350857283626343,Raptors,Wizards,0.3120907908908497
1630583,Santi,Aldama,2025-12-26 20:00:00,11.356201870947295,49.193294751980154,Grizzlies,Bucks,0.34552049401016
1641725,Trey,Alexander,2025-12-26 20:00:00,2.012938659058488,7.104683844738122,Pelicans,Suns,0.28891834853350357
1629638,Nickeil,Alexander-Walker,2025-12-26 19:00:00,14.112156228693372,66.6598002847762,Hawks,Heat,0.1927712168912551
1628960,Grayson,Allen,2025-12-26 20:00:00,11.574810352401965,37.851332421503216,Suns,Pelicans,0.19390504630699515
1628386,Jarrett,Allen,2025-12-27 20:00:00,10.809991042255556,39.51289965875998,Cavaliers,Rockets,0.2516146020516114
1630631,Jose,Alvarado,2025-12-26 20:00:00,8.124897619248342,28.220730292678805,Pelicans,Suns,0.2817388368428879
203937,Kyle,Anderson,2025-12-26 21:30:00,6.482464750020191,16.240577938765153,Jazz,Pistons,0.21924638669113367
203507,Giannis,Antetokounmpo,2025-12-26 20:00:00,27.626553945001255,81.54713390085855,Bucks,Grizzlies,0.12964851336034708
203648,Thanasis,Antetokounmpo,2025-12-26 20:00:00,2.8482478367488024,3.751228843738892,Bucks,Grizzlies,0.333759789386629
1630175,Cole,Anthony,2025-12-26 20:00:00,8.40732450744906,55.71454969566452,Bucks,Grizzlies,0.15522363960435429
1628384,OG,Anunoby,2025-12-27 20:00:00,15.374089235098504,60.04756845160861,Knicks,Hawks,0.20487086475111385
1630166,Deni,Avdija,2025-12-26 22:00:00,21.88488907251588,93.25686566777685,Trail Blazers,Clippers,0.07650413170973347
1629028,Deandre,Ayton,2025-12-28 21:30:00,14.601142219579138,53.73078237039813,Lakers,Kings,0.23134135342543866
1628963,Marvin,Bagley III,2025-12-26 19:00:00,11.456992508532528,55.15116885740913,Wizards,Raptors,0.2204657832002928
1642846,Ace,Bailey,2025-12-26 21:30:00,8.581678321678321,24.533360219474858,Jazz,Pistons,0.15322698289005768
1630163,LaMelo,Ball,2025-12-26 19:00:00,17.455914199929893,83.22084431169223,Hornets,Magic,0.15996319817276758
1628366,Lonzo,Ball,2025-12-27 20:00:00,11.173920546287135,42.05308070075539,Cavaliers,Rockets,0.15265482458533475
1631094,Paolo,Banchero,2025-12-26 19:00:00,19.99862895479436,79.29801066941921,Magic,Hornets,0.18655970462089141
1630217,Desmond,Bane,2025-12-26 19:00:00,25.464006740841597,76.0546243455564,Magic,Hornets,0.14615081202219654
1631230,Dominick,Barlow,2025-12-26 19:30:00,5.45607435736967,24.848770091148555,76ers,Bulls,0.20266069607674822
203084,Harrison,Barnes,2025-12-27 20:00:00,16.9756764593992,48.89034484453071,Spurs,Jazz,0.19324219459091746
1630567,Scottie,Barnes,2025-12-26 19:00:00,18.219803845662348,56.45709117796115,Raptors,Wizards,0.21853687108969405
1642964,Brooks,Barnhizer,2025-12-28 15:30:00,1.91,7.590166347075046,Thunder,76ers,0.6439028557802104
1629628,RJ,Barrett,2025-12-26 19:00:00,18.421357234345752,43.241701782494836,Raptors,Wizards,0.20858570182269415
1629646,Charles,Bassey,2025-12-26 20:00:00,3.535964328610739,24.17212091110335,Grizzlies,Bucks,0.28678497501791295
1642419,Jamison,Battle,2025-12-26 19:00:00,7.295378464362995,33.66601248095267,Raptors,Wizards,0.1771492569515989
201587,Nicolas,Batum,2025-12-26 22:00:00,4.579106557749224,24.75209871660713,Clippers,Trail Blazers,0.5324566857449607
203078,Bradley,Beal,2025-12-26 22:00:00,21.801108559592866,91.6716662634035,Clippers,Trail Blazers,0.19063583291648745
1642866,Joan,Beringer,2025-12-27 20:00:00,4.23,6.151825,Timberwolves,Nets,0.20848223775987793
1630180,Saddiq,Bey,2025-12-26 20:00:00,11.913271516298082,48.318904848428794,Pelicans,Suns,0.2731357438779559
1629048,Goga,Bitadze,2025-12-26 19:00:00,5.623496781707558,23.289844275715172,Magic,Hornets,0.2723968571964168
202687,Bismack,Biyombo,2025-12-27 20:00:00,4.255004934476741,19.402576683135102,Spurs,Jazz,0.4854087205864396
1641710,Anthony,Black,2025-12-26 19:00:00,13.899806349494886,49.324494839115594,Magic,Hornets,0.17519794571338188
203992,Bogdan,Bogdanovic,2025-12-26 22:00:00,11.788692631483059,47.11631227774637,Clippers,Trail Blazers,0.2524331287183084
1641737,Adem,Bona,2025-12-26 19:30:00,4.150752260927556,17.876557498302784,76ers,Bulls,0.3784597094415214
1626164,Devin,Booker,2025-12-26 20:00:00,27.534917184327973,94.32703265922707,Suns,Pelicans,0.17343121814896198
1628449,Chris,Boucher,2025-12-26 19:00:00,5.740225918726501,42.852778211169884,Celtics,Pacers,0.254027603120073
1631123,Jamaree,Bouyea,2025-12-26 20:00:00,2.3881870180423235,63.59449113069657,Suns,Pelicans,0.40529173250617323
1628396,Tony,Bradley,2025-12-26 19:00:00,1.9845917603801368,12.353556676488436,Pacers,Celtics,0.5505234171854542
1631103,Malaki,Branham,2025-12-26 19:00:00,5.507811722102535,24.97384368514542,Wizards,Raptors,0.25276614645399487
1631128,Christian,Braun,2025-12-27 19:00:00,6.914269974547833,49.493795638596765,Nuggets,Magic,0.2214659818562298
1628969,Mikal,Bridges,2025-12-27 20:00:00,17.87298750644786,52.0480368793886,Knicks,Hawks,0.19369809710722097
1628970,Miles,Bridges,2025-12-26 19:00:00,17.382851128728586,59.47854148542634,Hornets,Magic,0.15690668391610063
1628415,Dillon,Brooks,2025-12-26 20:00:00,16.783884569518676,52.968539813608864,Suns,Pelicans,0.24424028653943963
1641780,Johni,Broome,2025-12-26 19:30:00,1.7,2.88,76ers,Bulls,0.5634361698190111
1628971,Bruce,Brown,2025-12-27 19:00:00,10.523432465221957,28.38276603913075,Nuggets,Magic,0.31727826272353676
1627759,Jaylen,Brown,2025-12-26 19:00:00,27.48992105216247,64.19587762352057,Celtics,Pacers,0.10886338604309725
1641738,Kobe,Brown,2025-12-26 22:00:00,0.7023353902009504,16.248956744607625,Clippers,Trail Blazers,0.8541498292287849
1628973,Jalen,Brunson,2025-12-27 20:00:00,33.389720278506196,92.15328738864706,Knicks,Hawks,0.1426130029677244
1642868,Carter,Bryant,2025-12-27 20:00:00,2.419813752375454,7.02685800204989,Spurs,Jazz,0.3433172731475596
1628418,Thomas,Bryant,2025-12-27 20:00:00,11.10580321134285,19.910223799125667,Cavaliers,Rockets,0.18987934529178885
202710,Jimmy,Butler III,2025-12-28 15:30:00,20.117146061419643,69.1595980270084,Warriors,Raptors,0.3607761053479873
1641824,Matas,Buzelis,2025-12-26 19:30:00,12.769037134390151,47.654278191109526,Bulls,76ers,0.1594208811473688
1631288,Jamal,Cain,2025-12-26 19:00:00,3.8975708976495294,51.749324234573564,Magic,Hornets,0.18045101495747684
203484,Kentavious,Caldwell-Pope,2025-12-26 20:00:00,10.61358056105696,31.632326710639752,Grizzlies,Bucks,0.328712167547618
1641739,Toumani,Camara,2025-12-26 22:00:00,13.087362860568588,37.90784599763194,Trail Blazers,Clippers,0.16758257659981576
203991,Clint,Capela,2025-12-27 20:00:00,6.511097243343694,21.295926986345783,Rockets,Cavaliers,0.2001355249582716
1642928,Dylan,Cardwell,2025-12-27 17:00:00,3.76,1.1298625000000002,Kings,Mavericks,0.33782241532577406
1642382,Branden,Carlson,2025-12-28 15:30:00,3.057282604328595,24.559464396784037,Thunder,76ers,0.23709444789348516
1642267,Bub,Carrington,2025-12-26 19:00:00,10.59963904616178,37.104747393558924,Wizards,Raptors,0.17805099282854067
1642269,Devin,Carter,2025-12-27 17:00:00,5.796342597625599,24.6736962342372,Kings,Mavericks,0.22045165539866932
1628975,Jevon,Carter,2025-12-26 19:30:00,5.319013992608127,28.909869717844774,Bulls,76ers,0.33636089102816225
1628976,Wendell,Carter Jr.,2025-12-26 19:00:00,11.66574289144485,26.498011867025113,Magic,Hornets,0.3191320121279074
1627936,Alex,Caruso,2025-12-28 15:30:00,6.416306422391275,24.798119568740475,Thunder,76ers,0.41786931945595834
1642264,Stephon,Castle,2025-12-27 20:00:00,18.56871242430544,36.08524557505472,Spurs,Jazz,0.18012383515957772
1630577,Julian,Champagnie,2025-12-27 20:00:00,7.282027386297053,38.04675190400544,Spurs,Jazz,0.21548881408378412
1630551,Justin,Champagnie,2025-12-26 19:00:00,5.422214801392687,41.01930309486608,Wizards,Raptors,0.2055891707619244
1642353,Cam,Christie,2025-12-26 22:00:00,3.169013344619016,9.319237669407297,Clippers,Trail Blazers,0.3414286772319474
1631108,Max,Christie,2025-12-27 17:00:00,7.73761636026116,34.14820461627924,Mavericks,Kings,0.1790003959064567
1630619,Moussa,Cisse,2025-12-27 17:00:00,2.965,11.27293125,Mavericks,Kings,0.36264807067932936
1631321,Sidy,Cissoko,2025-12-26 22:00:00,6.006993032487222,25.996123108834713,Trail Blazers,Clippers,0.20418929188156784
1641740,Jaylen,Clark,2025-12-27 20:00:00,3.188688991487014,12.350031121219903,Timberwolves,Nets,0.31704781452105635
1629634,Brandon,Clarke,2025-12-26 20:00:00,10.784837019216916,25.515754217027165,Grizzlies,Bucks,0.2137687206061172
203903,Jordan,Clarkson,2025-12-27 20:00:00,16.366874754676846,59.815724416292085,Knicks,Hawks,0.14802062705019214
1629651,Nic,Claxton,2025-12-27 20:00:00,12.125774035774189,20.0817805313483,Nets,Timberwolves,0.3213687995699849
1642383,Walter,Clayton Jr.,2025-12-26 21:30:00,4.901168136834073,12.804103872861912,Jazz,Pistons,0.26936256181245133
1642363,Nique,Clifford,2025-12-27 17:00:00,4.862832011670805,26.475390464676394,Kings,Mavericks,0.2151838024981008
1642270,Donovan,Clingan,2025-12-26 22:00:00,6.458740762216614,37.56487166237778,Trail Blazers,Clippers,0.2226187394065724
1641730,Noah,Clowney,2025-12-27 20:00:00,9.310542929161567,66.83924635727502,Nets,Timberwolves,0.17024427408897516
1629599,Amir,Coffey,2025-12-26 20:00:00,4.196962186669305,24.45520607305496,Bucks,Grizzlies,0.2750010006194723
1642268,Isaiah,Collier,2025-12-26 21:30:00,10.44909325950328,29.251218088066935,Jazz,Pistons,0.172008359554568
1628381,John,Collins,2025-12-26 22:00:00,14.979988403659792,34.37421826026036,Clippers,Trail Blazers,0.18602565434918844
1628380,Zach,Collins,2025-12-26 19:30:00,10.35551972344304,32.50216159447268,Bulls,76ers,0.252619356264472
201144,Mike,Conley,2025-12-27 20:00:00,11.860270333923717,39.063883779298195,Timberwolves,Nets,0.2891914157022049
1626192,Pat,Connaughton,2025-12-26 19:00:00,3.5525331789371934,25.6464379634153,Hornets,Magic,0.298510364224714
1631451,Javonte,Cooke,2025-12-26 22:00:00,1.635,4.840000000000001,Trail Blazers,Clippers,0.5705652258397818
1630536,Sharife,Cooper,2025-12-26 19:00:00,0.51,1.8670000000000002,Wizards,Raptors,0.5031609745931998
1641731,Bilal,Coulibaly,2025-12-26 19:00:00,11.175172874199534,31.947058892732166,Wizards,Raptors,0.2044140935649844
1642907,Cedric,Coward,2025-12-26 20:00:00,14.955799348434962,9.266529799751195,Grizzlies,Bucks,0.16868030696116518
1642384,Isaiah,Crawford,2025-12-27 20:00:00,1.525,59.145920000000004,Rockets,Cavaliers,0.49032717270053966
1630595,Cade,Cunningham,2025-12-26 21:30:00,25.535860989965155,70.25469977450273,Pistons,Jazz,0.18050924553104475
203552,Seth,Curry,2025-12-28 15:30:00,8.631924998405896,41.86964618516056,Warriors,Raptors,0.22574712253267418
201939,Stephen,Curry,2025-12-28 15:30:00,27.641599990161616,104.71724933562506,Warriors,Raptors,0.16549789059325118
1642359,Pacome,Dadiet,2025-12-27 20:00:00,1.770217324600793,1.649089347489846,Knicks,Hawks,0.4560677578159153
1630700,Dyson,Daniels,2025-12-26 19:00:00,13.34335526836519,27.16688384761052,Hawks,Heat,0.2362550388825713
1642368,N'Faly,Dante,2025-12-26 19:00:00,3.56,12.979441666666666,Hawks,Heat,0.300605427795036
203076,Anthony,Davis,2025-12-27 17:00:00,24.501627202997643,84.17598279202875,Mavericks,Kings,0.15216583372718998
1631120,JD,Davison,2025-12-27 20:00:00,3.477967651113301,12.36501500278329,Rockets,Cavaliers,0.26671506745100987
201942,DeMar,DeRozan,2025-12-27 17:00:00,24.641265601774418,68.74596171151671,Kings,Mavericks,0.16966732917388047
1642856,Egor,Demin,2025-12-27 20:00:00,10.70099197803093,44.81490629294882,Nets,Timberwolves,0.17469492005942072
1642484,RayJ,Dennis,2025-12-26 22:00:00,1.989833140114126,11.64154143911563,Clippers,Trail Blazers,0.30390557278028557
1628978,Donte,DiVincenzo,2025-12-27 20:00:00,12.440698776543657,37.52926708772429,Timberwolves,Nets,0.2028811437267013
1631217,Moussa,Diabate,2025-12-26 19:00:00,5.510814885049428,15.400504451204613,Hornets,Magic,0.2612680119939271
1642885,Mohamed,Diawara,2025-12-27 20:00:00,0.925,2.44785,Knicks,Hawks,0.4885684086796029
1641711,Gradey,Dick,2025-12-26 19:00:00,4.754180956203008,31.82452184892281,Raptors,Wizards,0.19011438059074126
1631172,Ousmane,Dieng,2025-12-28 15:30:00,5.270772024970134,28.751209973299716,Thunder,76ers,0.2866805144639336
1642265,Rob,Dillingham,2025-12-27 20:00:00,4.652057725391778,14.104965424418705,Timberwolves,Nets,0.2829320274617058
1629029,Luka,Doncic,2025-12-28 21:30:00,30.804014343992872,66.46712732561272,Lakers,Kings,0.11113319881328752
1629652,Luguentz,Dort,2025-12-28 15:30:00,11.901122401779709,30.720137091803345,Thunder,76ers,0.24365673316811715
1630245,Ayo,Dosunmu,2025-12-26 19:30:00,6.702337119275914,47.23720055035236,Bulls,76ers,0.37521319844139833
203083,Andre,Drummond,2025-12-26 19:30:00,13.326847270596462,26.84882232447494,76ers,Bulls,0.22975642280365918
1627739,Kris,Dunn,2025-12-26 22:00:00,7.901258812785994,19.522197957160667,Clippers,Trail Blazers,0.2862120583220667
1642346,Ryan,Dunn,2025-12-26 20:00:00,8.633312937351672,18.266386652998058,Suns,Pelicans,0.15267000257274566
201142,Kevin,Durant,2025-12-27 20:00:00,25.979486641468462,62.9664019785586,Rockets,Cavaliers,0.21399124182470994
1631105,Jalen,Duren,2025-12-26 21:30:00,11.699902702510029,52.762801421444905,Pistons,Jazz,0.22146630848658
1631106,Tari,Eason,2025-12-27 20:00:00,11.031493997396002,34.50514899121631,Rockets,Cavaliers,0.1896375589755445
1641744,Zach,Edey,2025-12-26 20:00:00,15.585610068996486,51.736263699757906,Grizzlies,Bucks,0.1774396325126696
1642845,VJ,Edgecombe,2025-12-26 19:30:00,14.38202239310494,50.6212733177848,76ers,Bulls,0.16562866123521258
1630162,Anthony,Edwards,2025-12-27 20:00:00,23.85914705234552,105.59712487196921,Timberwolves,Nets,0.20981671921103792
1642348,Justin,Edwards,2025-12-26 19:30:00,5.355080469445486,20.418144778132213,76ers,Bulls,0.25595662878992276
1631165,Keon,Ellis,2025-12-27 17:00:00,4.073920822778235,36.083965030868505,Kings,Mavericks,0.2614134892581274
203954,Joel,Embiid,2025-12-26 19:30:00,31.189735335105237,106.81446908654104,76ers,Bulls,0.1265281535137833
1630623,Tyson,Etienne,2025-12-27 20:00:00,1.26,7.82535,Nets,Timberwolves,0.49614504479496346
1629234,Drew,Eubanks,2025-12-27 17:00:00,4.431405637155822,16.85517687124685,Kings,Mavericks,0.44211511967144684
1641787,Tosan,Evbuomwan,2025-12-27 20:00:00,6.408464614279239,32.8360957007105,Knicks,Hawks,0.2191327977056073
1642847,Jeremiah,Fears,2025-12-26 20:00:00,16.607084380651955,47.018450176511706,Pelicans,Suns,0.3970863637435446
1642271,Kyle,Filipowski,2025-12-26 21:30:00,10.147380618046247,64.38160828893812,Jazz,Pistons,0.1881656865660183
1642843,Cooper,Flagg,2025-12-27 17:00:00,17.531841939736992,166.02932667544619,Mavericks,Kings,0.1693961267138688
1642853,Rasheer,Fleming,2025-12-26 20:00:00,3.095,16.266449999999995,Suns,Pelicans,0.32349121980825685
1642280,Trentyn,Flowers,2025-12-26 19:30:00,0.0,16.0,Bulls,76ers,inf
1631323,Simone,Fontecchio,2025-12-26 19:00:00,11.027179562577949,31.000181232080585,Heat,Hawks,0.15101180018882715
1628368,De'Aaron,Fox,2025-12-27 20:00:00,22.610647617603128,62.14277018357491,Spurs,Jazz,0.1913095820382732
1642277,Johnny,Furphy,2025-12-26 19:00:00,3.7837713533501254,33.217575386909196,Pacers,Celtics,0.20414593301181544
1629655,Daniel,Gafford,2025-12-27 17:00:00,7.364923393306745,37.66387152094809,Mavericks,Kings,0.27529973816794284
1642066,Myron,Gardner,2025-12-26 19:00:00,3.43,5.1685625,Heat,Hawks,0.2934191964409944
1629636,Darius,Garland,2025-12-27 20:00:00,19.180742172345735,54.77245167577261,Cavaliers,Rockets,0.1837635657494369
1630568,Luka,Garza,2025-12-26 19:00:00,9.641934701215732,28.055786194528196,Celtics,Pacers,0.15322838645609968
1641718,Keyonte,George,2025-12-26 21:30:00,17.27923612718897,122.97605168570763,Jazz,Pistons,0.1447035748981656
1642273,Kyshawn,George,2025-12-26 19:00:00,12.132704868199177,57.64792707716829,Wizards,Raptors,0.17254947942778864
202331,Paul,George,2025-12-26 19:30:00,23.584585583515373,74.0535677136084,76ers,Bulls,0.29136912147518174
1630581,Josh,Giddey,2025-12-26 19:30:00,13.521348780162686,60.98943783641771,Bulls,76ers,0.22500556908013078
1628983,Shai,Gilgeous-Alexander,2025-12-28 15:30:00,29.268970691475374,79.05064949308681,Thunder,76ers,0.23238385976557838
1630264,Anthony,Gill,2025-12-26 19:00:00,2.944477886120672,7.405365985005283,Wizards,Raptors,0.38631563437021554
1631221,Collin,Gillespie,2025-12-26 20:00:00,10.375718099140686,60.11727974309107,Suns,Pelicans,0.25543509671779696
203497,Rudy,Gobert,2025-12-27 20:00:00,13.951010351090924,35.30409931978264,Timberwolves,Nets,0.336748834304355
1642864,Hugo,Gonzalez,2025-12-26 19:00:00,6.997233856893542,16.551325166209047,Celtics,Pacers,0.23289181475625015
1630692,Jordan,Goodwin,2025-12-26 20:00:00,7.1226245638795085,31.71366609102544,Suns,Pelicans,0.24479920212183942
203932,Aaron,Gordon,2025-12-27 19:00:00,14.675826355036582,55.893510225521744,Nuggets,Magic,0.28239537310991364
201569,Eric,Gordon,2025-12-26 19:30:00,15.300467331658629,57.79823471510285,76ers,Bulls,0.19234444000969084
203924,Jerami,Grant,2025-12-26 22:00:00,25.746835541057962,79.47004885559367,Trail Blazers,Clippers,0.12245500600508746
1631260,AJ,Green,2025-12-26 20:00:00,6.532074767206659,48.29647985844476,Bucks,Grizzlies,0.31101844571610854
203110,Draymond,Green,2025-12-28 15:30:00,5.703570877731016,24.012802943476718,Warriors,Raptors,0.3001171529826121
1630224,Jalen,Green,2025-12-26 20:00:00,19.282126282427612,82.69880798661426,Suns,Pelicans,0.20658717459515807
1629750,Javonte,Green,2025-12-26 21:30:00,6.939916158543679,15.67967438415963,Pistons,Jazz,0.2655340748655462
201145,Jeff,Green,2025-12-27 20:00:00,7.502407502375125,31.006662843457434,Rockets,Cavaliers,0.2678806152045564
1630182,Josh,Green,2025-12-26 19:00:00,5.675125565153561,29.83207858074767,Hornets,Magic,0.476675303702306
1629656,Quentin,Grimes,2025-12-26 19:30:00,7.522681996538381,105.510494677606,76ers,Bulls,0.16125790745675686
1631243,Mouhamed,Gueye,2025-12-26 19:00:00,4.059673367696685,25.992665317592113,Hawks,Heat,0.30240797710140677
1629060,Rui,Hachimura,2025-12-28 21:30:00,12.096137821629295,40.28828198353784,Lakers,Kings,0.30087278483269553
1641790,PJ,Hall,2025-12-26 20:00:00,3.780894211683271,10.751094735346925,Grizzlies,Bucks,0.26818593710471567
203501,Tim,Hardaway Jr.,2025-12-27 19:00:00,16.82027180582435,61.26367288167804,Nuggets,Magic,0.23744762105535355
201935,James,Harden,2025-12-26 22:00:00,25.342062055574637,87.23142905526956,Clippers,Trail Blazers,0.14852841350608642
1630702,Jaden,Hardy,2025-12-27 17:00:00,6.82792155387267,51.115169964860414,Mavericks,Kings,0.2154836683582541
1641989,Elijah,Harkless,2025-12-26 21:30:00,6.6,5.961240586419753,Jazz,Pistons,0.39314056698537575
1642844,Dylan,Harper,2025-12-27 20:00:00,14.085,92.87934858997086,Spurs,Jazz,0.28918436669985703
1631199,Ron,Harper Jr.,2025-12-26 19:00:00,1.91,8.095070508975395,Celtics,Pacers,0.3857038521726262
203914,Gary,Harris,2025-12-26 20:00:00,6.972010643108522,28.079189800230356,Bucks,Grizzlies,0.34693795488835166
202699,Tobias,Harris,2025-12-26 21:30:00,17.092798240190756,48.40801315963251,Pistons,Jazz,0.2823798213290935
1628404,Josh,Hart,2025-12-27 20:00:00,10.529841515542465,34.63813913859504,Knicks,Hawks,0.2965021412706316
1628392,Isaiah,Hartenstein,2025-12-28 15:30:00,7.974388235042856,28.058001867317792,Thunder,76ers,0.3115972150336199
1630573,Sam,Hauser,2025-12-26 19:00:00,8.292056009564943,39.93427009459779,Celtics,Pacers,0.3622245186677506
1641722,Jordan,Hawkins,2025-12-26 20:00:00,8.05707538677675,24.134505718702144,Pelicans,Suns,0.1375551597620051
1629637,Jaxson,Hayes,2025-12-28 21:30:00,4.397045162309596,18.569581373173726,Lakers,Kings,0.2634067913664251
1628502,Nigel,Hayes-Davis,2025-12-26 20:00:00,1.134950797848304,3.441582070253649,Suns,Pelicans,0.6444963138698047
1641707,Taylor,Hendricks,2025-12-26 21:30:00,6.4412067104177595,53.31944920152954,Jazz,Pistons,0.22151888082279345
1629639,Tyler,Herro,2025-12-26 19:00:00,20.249904299676338,72.11822674628196,Heat,Hawks,0.1432715379244985
1627741,Buddy,Hield,2025-12-28 15:30:00,11.518836879648715,54.21177318356729,Warriors,Raptors,0.17327910210644284
1628988,Aaron,Holiday,2025-12-27 20:00:00,5.881990946105613,31.07826818399951,Rockets,Cavaliers,0.3670557986656267
201950,Jrue,Holiday,2025-12-26 22:00:00,17.505805055877705,55.16821104924579,Trail Blazers,Clippers,0.25367685381189226
1641842,Ronald,Holland II,2025-12-26 21:30:00,5.270357404217425,24.628095517137904,Pistons,Jazz,0.2804152882641018
1631096,Chet,Holmgren,2025-12-28 15:30:00,16.550237010175568,48.233562762270154,Thunder,76ers,0.19245308440869038
201143,Al,Horford,2025-12-28 15:30:00,9.864197873686004,33.34138375519125,Warriors,Raptors,0.3318155306962868
1631216,Caleb,Houstan,2025-12-26 19:00:00,1.6874276349670447,36.392767465726685,Hawks,Heat,0.6104344650115987
1641724,Jett,Howard,2025-12-26 19:00:00,6.98629039622237,48.801251604753524,Magic,Hornets,0.14910987259015812
1628989,Kevin,Huerter,2025-12-26 19:30:00,12.088470496028702,43.91739230518283,Bulls,76ers,0.2537728133886209
1630643,Jay,Huff,2025-12-26 19:00:00,8.0471905697242,27.63257177871413,Pacers,Celtics,0.18573148209712628
1630574,Ariel,Hukporti,2025-12-27 20:00:00,1.6460332748849493,6.86541845996941,Knicks,Hawks,0.44196742647560033
1629631,De'Andre,Hunter,2025-12-27 20:00:00,12.72004926996929,47.64406714727318,Cavaliers,Rockets,0.17520715469634573
1630538,Bones,Hyland,2025-12-27 20:00:00,11.39663599915678,33.55549374333178,Timberwolves,Nets,0.2132532135053557
1642345,Oso,Ighodaro,2025-12-26 20:00:00,4.985022512425219,25.359672677542065,Suns,Pelicans,0.38415325786301835
204060,Joe,Ingles,2025-12-27 20:00:00,6.495485712500912,28.119388824942142,Timberwolves,Nets,0.21691576494489787
1627742,Brandon,Ingram,2025-12-26 19:00:00,19.654754158130725,61.354426447534216,Raptors,Wizards,0.18278280045674852
1631127,Harrison,Ingram,2025-12-27 20:00:00,2.335,6.5959625,Spurs,Jazz,0.46310318765029945
1628371,Jonathan,Isaac,2025-12-26 19:00:00,5.29061314296869,19.366761458946243,Magic,Hornets,0.2979781574568589
1631093,Jaden,Ivey,2025-12-26 21:30:00,14.17972104676835,38.37664477812494,Pistons,Jazz,0.19066955787441867
1641713,GG,Jackson,2025-12-26 20:00:00,13.000419665290023,39.940843310026,Grizzlies,Bucks,0.1427613696707771
1630543,Isaiah,Jackson,2025-12-26 19:00:00,8.036206246970094,20.16033738501592,Pacers,Celtics,0.20687507721567486
1631245,Quenton,Jackson,2025-12-26 19:00:00,3.631438259260183,51.72638555705166,Pacers,Celtics,0.21417126006662413
1641748,Andre,Jackson Jr.,2025-12-26 20:00:00,3.378392420238569,6.789183636261502,Bucks,Grizzlies,0.3331355695588424
1628991,Jaren,Jackson Jr.,2025-12-26 20:00:00,17.884778667344705,54.8147350707666,Grizzlies,Bucks,0.21323106701857183
1631218,Trayce,Jackson-Davis,2025-12-28 15:30:00,6.084682145360406,19.165693512050915,Warriors,Raptors,0.25813483876087806
1642355,Bronny,James,2025-12-28 21:30:00,1.5705056413899012,10.054179360487035,Lakers,Kings,0.3681707194649397
2544,LeBron,James,2025-12-28 21:30:00,25.69000599964069,61.076727580599965,Lakers,Kings,0.1538947558071067
1642883,Sion,James,2025-12-26 19:00:00,6.648095828675235,15.106931688598598,Hornets,Magic,0.30535393066835154
1631170,Jaime,Jaquez Jr.,2025-12-26 19:00:00,13.637303136355182,88.46722752252099,Heat,Hawks,0.20674935506515205
1641998,Trey,Jemison III,2025-12-27 20:00:00,7.7528799585407855,10.996792512245161,Knicks,Hawks,0.12672056769646917
1642450,Daniss,Jenkins,2025-12-26 21:30:00,7.110860402707405,21.158827988605417,Pistons,Jazz,0.18500508570422955
1630198,Isaiah,Joe,2025-12-28 15:30:00,8.595225204072976,46.67832203109072,Thunder,76ers,0.31506425639403135
1642358,AJ,Johnson,2025-12-26 19:00:00,0.9580665411094655,3.4288172463642894,Wizards,Raptors,0.6515284607356643
1629661,Cameron,Johnson,2025-12-27 19:00:00,16.54573977029233,52.97609824988953,Nuggets,Magic,0.14298271609763766
1630552,Jalen,Johnson,2025-12-26 19:00:00,19.425448737065825,72.9181405727115,Hawks,Heat,0.19735761193929285
1629640,Keldon,Johnson,2025-12-27 20:00:00,13.613233232269373,42.37605082677344,Spurs,Jazz,0.1755117566739612
1642352,Keshad,Johnson,2025-12-26 19:00:00,5.068687102058271,22.694770601302825,Heat,Hawks,0.2106726359165084
1642848,Tre,Johnson,2025-12-26 19:00:00,10.074023508137431,14.903576903516594,Wizards,Raptors,0.2553238638161733
203999,Nikola,Jokic,2025-12-27 19:00:00,27.29403721900998,81.16023612380309,Nuggets,Magic,0.18995444378319712
1641732,Colby,Jones,2025-12-26 21:30:00,1.263460120037118,48.512230315563144,Pistons,Jazz,0.39216515525950807
1642938,Curtis,Jones,2025-12-27 19:00:00,2.055,3.861225,Nuggets,Magic,1.0091361971789707
1630529,Herbert,Jones,2025-12-26 20:00:00,9.338752417235826,26.395485838429106,Pelicans,Suns,0.34635406678462316
1642403,Isaac,Jones,2025-12-26 21:30:00,2.3898650304140134,10.279660773750685,Pistons,Jazz,0.4038654841932351
1642461,Spencer,Jones,2025-12-27 19:00:00,9.432445010077776,48.125509328439556,Nuggets,Magic,0.167637459750892
1630200,Tre,Jones,2025-12-26 19:30:00,8.173921860481116,18.570587394832476,Bulls,76ers,0.19099233935085447
1626145,Tyus,Jones,2025-12-26 19:00:00,12.078924478919356,29.858166606042698,Magic,Hornets,0.168810193440953
1642357,David,Jones Garcia,2025-12-27 20:00:00,5.31,10.219608333333333,Spurs,Jazz,0.19856010045326403
1627884,Derrick,Jones Jr.,2025-12-26 22:00:00,5.274036156789618,30.077473536888643,Clippers,Trail Blazers,0.2994119701580149
201599,DeAndre,Jordan,2025-12-26 20:00:00,6.08102172486297,14.099979995959753,Pelicans,Suns,0.3159455785318625
1631107,Nikola,Jovic,2025-12-26 19:00:00,7.3300062146277005,53.28827475843297,Heat,Hawks,0.16375379293540182
1630548,Johnny,Juzang,2025-12-27 20:00:00,6.404039902254301,35.073726029443364,Timberwolves,Nets,0.31114452695225675
1641750,Ryan,Kalkbrenner,2025-12-26 19:00:00,9.927629881517497,14.184926506025718,Hornets,Magic,0.27160774620693245
1628379,Luke,Kennard,2025-12-26 19:00:00,8.346099697669828,40.1330488671504,Hawks,Heat,0.3148428311495284
1631117,Walker,Kessler,2025-12-26 21:30:00,10.85765588901279,40.03321477153427,Jazz,Pistons,0.19065192546605145
1630557,Corey,Kispert,2025-12-26 19:00:00,8.907637942743655,34.33540688553401,Wizards,Raptors,0.3021428167502908
1628467,Maxi,Kleber,2025-12-28 21:30:00,6.400623838245053,21.65330341656526,Lakers,Kings,0.32832201402022937
1641752,Bobi,Klintman,2025-12-26 21:30:00,3.815,8.944241666666667,Pistons,Jazz,0.26019464766497835
1642261,Dalton,Knecht,2025-12-28 21:30:00,5.229647336370548,41.83204946927488,Lakers,Kings,0.22636869062526843
1642851,Kon,Knueppel,2025-12-26 19:00:00,20.313169785175788,65.07670565795274,Hornets,Magic,0.14264506249096465
1642278,Tyler,Kolek,2025-12-27 20:00:00,5.0437389927905505,42.26101034117184,Knicks,Hawks,0.29701808084217235
1631132,Christian,Koloko,2025-12-26 20:00:00,3.033231165927049,7.0771290918948075,Grizzlies,Bucks,0.4407488940747906
1629723,John,Konchar,2025-12-26 20:00:00,4.045223802014277,14.219945504955495,Grizzlies,Bucks,0.3657495844860384
1628436,Luke,Kornet,2025-12-27 20:00:00,6.1587441299044565,28.237702226317825,Spurs,Jazz,0.19419814669500862
1630249,Vit,Krejci,2025-12-26 19:00:00,6.876517137190601,41.30293145576723,Hawks,Heat,0.23168471646119132
1630228,Jonathan,Kuminga,2025-12-28 15:30:00,9.721529924205488,58.35745542721999,Warriors,Raptors,0.19224247858435806
1628398,Kyle,Kuzma,2025-12-26 20:00:00,21.487849576355583,62.219212505302814,Bucks,Grizzlies,0.12748560673764153
1631222,Jake,LaRavia,2025-12-28 21:30:00,10.044013638468417,41.46426975033938,Lakers,Kings,0.18689198021008435
203897,Zach,LaVine,2025-12-27 17:00:00,20.78935389557409,93.13701416037985,Kings,Mavericks,0.1349344214222591
1629111,Jock,Landale,2025-12-26 20:00:00,7.882477708693093,34.0657746381846,Grizzlies,Bucks,0.20738361331839114
1642404,Chaz,Lanier,2025-12-26 21:30:00,3.945,14.777041666666667,Pistons,Jazz,0.3023097407962934
1641796,Pelle,Larsson,2025-12-26 19:00:00,5.755497349945139,40.273249042734136,Heat,Hawks,0.1914935963400518
1630639,A.J.,Lawson,2025-12-26 19:00:00,3.7979337868416265,29.604101713780437,Raptors,Wizards,0.27649814651791454
1627747,Caris,LeVert,2025-12-26 21:30:00,9.974814361641677,46.56949432625664,Pistons,Jazz,0.2787663360510699
202695,Kawhi,Leonard,2025-12-26 22:00:00,27.064843443432927,60.42234890419953,Clippers,Trail Blazers,0.22254792396147707
1630604,E.J.,Liddell,2025-12-27 20:00:00,1.1841907776882374,6.608150619036998,Nets,Timberwolves,0.489002474440453
1641726,Dereck,Lively II,2025-12-27 17:00:00,10.546399992029917,30.888190914824936,Mavericks,Kings,0.20132475501404007
1630587,Isaiah,Livers,2025-12-26 20:00:00,5.746005578065634,15.012262965571676,Suns,Pelicans,0.29909518778157057
1641753,Chris,Livingston,2025-12-27 20:00:00,2.5203415451556928,19.43195255818504,Cavaliers,Rockets,0.5395198307843774
1626172,Kevon,Looney,2025-12-26 20:00:00,4.557346523195175,9.989989930444127,Pelicans,Suns,0.3798472295279209
201572,Brook,Lopez,2025-12-26 22:00:00,10.82752638514032,45.029145380215965,Clippers,Trail Blazers,0.35243575256980003
1631126,Caleb,Love,2025-12-26 22:00:00,17.04,84.68491049855118,Trail Blazers,Clippers,0.14608521778108766
201567,Kevin,Love,2025-12-26 21:30:00,14.30669502832933,47.88703083836444,Jazz,Pistons,0.24088235084597637
200768,Kyle,Lowry,2025-12-26 19:30:00,6.937065163793648,49.639647595036465,76ers,Bulls,0.33544205926510806
1642863,Khaman,Maluach,2025-12-26 20:00:00,1.55,1.3877666666666668,Suns,Pelicans,0.33045439806440646
1630572,Sandro,Mamukelashvili,2025-12-26 19:00:00,9.312905171740177,42.26207374406926,Raptors,Wizards,0.16419469521347715
1629611,Terance,Mann,2025-12-27 20:00:00,7.896526832702015,26.498192515270865,Nets,Timberwolves,0.24440202254230908
1630544,Tre,Mann,2025-12-26 19:00:00,6.122928245323025,48.988300925125046,Hornets,Magic,0.23860167306677163
1628374,Lauri,Markkanen,2025-12-26 21:30:00,27.97820055757289,68.30057483204611,Jazz,Pistons,0.14159318237376683
1630230,Naji,Marshall,2025-12-27 17:00:00,9.706776285487322,56.05102096417544,Mavericks,Kings,0.1960078131826815
1628997,Caleb,Martin,2025-12-27 17:00:00,9.208536925745024,28.114544081032427,Mavericks,Kings,0.189044276491639
1628998,Cody,Martin,2025-12-26 19:00:00,6.282167174021588,14.50117327321477,Pacers,Celtics,0.24098313134703364
1631213,Tyrese,Martin,2025-12-27 20:00:00,7.900984918678632,52.23659956037795,Nets,Timberwolves,0.19685805645406143
1629726,Garrison,Mathews,2025-12-26 19:00:00,4.430066616294006,27.444599036562316,Pacers,Celtics,0.3778338415413384
1631097,Bennedict,Mathurin,2025-12-26 19:00:00,17.082521353316153,75.89825257180152,Pacers,Celtics,0.1592971048773559
1631255,Karlo,Matkovic,2025-12-26 20:00:00,5.447161331736103,19.417812288007276,Pelicans,Suns,0.1955583345965555
1630178,Tyrese,Maxey,2025-12-26 19:30:00,21.863347873281832,114.21494319352111,76ers,Bulls,0.19586755472802708
1630540,Miles,McBride,2025-12-27 20:00:00,10.730630560201055,28.603484449151516,Knicks,Hawks,0.1587046622539493
1642272,Jared,McCain,2025-12-26 19:30:00,16.059245113657603,14.441498184725452,76ers,Bulls,0.09916601281629148
1630644,Mac,McClung,2025-12-26 19:00:00,5.0,23.195275,Pacers,Celtics,0.18104181553118948
203468,CJ,McCollum,2025-12-26 19:00:00,21.96693097556623,77.2879376629351,Wizards,Raptors,0.3773186614171256
204456,T.J.,McConnell,2025-12-26 19:00:00,7.6718589468016445,29.580582915169433,Pacers,Celtics,0.5271375046791
1641755,Kevin,McCullar Jr.,2025-12-27 20:00:00,4.42,24.8000125,Knicks,Hawks,0.4205691966011753
1630183,Jaden,McDaniels,2025-12-27 20:00:00,10.5689161925873,55.4811904762995,Timberwolves,Nets,0.3734478894126805
203926,Doug,McDermott,2025-12-27 17:00:00,5.361702881851381,35.50649111109882,Kings,Mavericks,0.22448383625417878
1631121,Bryce,McGowens,2025-12-26 20:00:00,8.862804580895546,31.984194998324757,Pelicans,Suns,0.20334803235879498
1629162,Jordan,McLaughlin,2025-12-27 20:00:00,1.6698438654993981,10.067090176055823,Spurs,Jazz,0.4971177040612858
1642862,Liam,McNeeley,2025-12-26 19:00:00,5.221468023255813,23.013894999999998,Hornets,Magic,0.3562973128832755
1629001,De'Anthony,Melton,2025-12-28 15:30:00,7.2395110040054655,41.112177984757935,Warriors,Raptors,0.354915618606439
1630241,Sam,Merrill,2025-12-27 20:00:00,14.04666965011011,33.85552545761372,Cavaliers,Rockets,0.13158940601349378
203114,Khris,Middleton,2025-12-26 19:00:00,17.23904020724226,69.91673473098582,Wizards,Raptors,0.22162740534837994
1641706,Brandon,Miller,2025-12-26 19:00:00,15.80094540531839,35.51941157597072,Hornets,Magic,0.1278668317966207
1641801,Emanuel,Miller,2025-12-26 19:30:00,1.645,2.1279749999999997,Bulls,76ers,0.4272187850384137
1641757,Jordan,Miller,2025-12-26 22:00:00,3.5754250362266706,36.65373307794923,Clippers,Trail Blazers,0.24475195744663014
1631159,Leonard,Miller,2025-12-27 20:00:00,5.647706545828869,47.024349940988145,Timberwolves,Nets,0.20569773174659597
1642434,Riley,Minix,2025-12-27 20:00:00,0.735,38.417512499999994,Spurs,Jazz,0.7750366274011042
1631169,Josh,Minott,2025-12-26 19:00:00,2.4749285443451696,41.353947904053655,Celtics,Pacers,0.4980430253933524
1642274,Yves,Missi,2025-12-26 20:00:00,9.005930460123738,23.809877895607514,Pelicans,Suns,0.2905448800726808
1642349,Ajay,Mitchell,2025-12-28 15:30:00,13.167784419839155,19.69995743255986,Thunder,76ers,0.15818818591449774
1630558,Davion,Mitchell,2025-12-26 19:00:00,7.450545456138573,24.952929460360973,Heat,Hawks,0.26548821757112173
1628378,Donovan,Mitchell,2025-12-27 20:00:00,22.94881051920085,90.15820605211373,Cavaliers,Rockets,0.21705776809477365
1630596,Evan,Mobley,2025-12-27 20:00:00,15.875148860124078,34.00848150241847,Cavaliers,Rockets,0.11887041153830297
1642367,Jonathan,Mogbo,2025-12-26 19:00:00,5.091082159856261,17.22769831693776,Raptors,Wizards,0.24480336928464064
1628370,Malik,Monk,2025-12-27 17:00:00,11.40517714447682,58.93265035316021,Kings,Mavericks,0.12105621627195111
1630541,Moses,Moody,2025-12-28 15:30:00,7.3161831536775255,53.73678318252659,Warriors,Raptors,0.2263622778107498
1631111,Wendell,Moore Jr.,2025-12-26 21:30:00,0.7533117849679392,17.914455658692333,Pistons,Jazz,0.6238320599006401
1629630,Ja,Morant,2025-12-26 20:00:00,19.63493832487683,56.82254162921573,Grizzlies,Bucks,0.17149313656960646
1628420,Monte,Morris,2025-12-26 19:00:00,8.402354056388699,31.904863764885278,Pacers,Celtics,0.2571104981128858
1630530,Trey,Murphy III,2025-12-26 20:00:00,15.247890961233807,67.72231389765619,Pelicans,Suns,0.16619152012444374
1627750,Jamal,Murray,2025-12-27 19:00:00,23.5193877879169,87.62871252842194,Nuggets,Magic,0.1539518793293395
1631099,Keegan,Murray,2025-12-27 17:00:00,14.265708658626968,38.22230462917376,Kings,Mavericks,0.1866818045087509
1631200,Kris,Murray,2025-12-26 22:00:00,8.35999161636638,14.836956634091644,Trail Blazers,Clippers,0.23994265692107944
1642867,Collin,Murray-Boyles,2025-12-26 19:00:00,9.506873968493526,5.730891689385572,Raptors,Wizards,0.20695351231987102
1629004,Svi,Mykhailiuk,2025-12-26 21:30:00,11.504500307138665,46.96694175655375,Jazz,Pistons,0.1996479328426747
1631250,Pete,Nance,2025-12-26 20:00:00,4.7059066145284305,12.802874872383288,Bucks,Grizzlies,0.15961361825890358
1626204,Larry,Nance Jr.,2025-12-27 20:00:00,5.3916060381703526,23.194976572375587,Cavaliers,Rockets,0.5882577221901238
1629614,Andrew,Nembhard,2025-12-26 19:00:00,10.609916314770404,45.536245356408585,Pacers,Celtics,0.19849606416680415
1642948,Ryan,Nembhard,2025-12-27 17:00:00,12.12,24.063768749999998,Mavericks,Kings,0.16860841388983708
1630174,Aaron,Nesmith,2025-12-26 19:00:00,10.947332093355184,49.023292779734376,Pacers,Celtics,0.2960989776531867
1642854,Asa,Newell,2025-12-26 19:00:00,5.175,34.88824,Hawks,Heat,0.19778001716080426
1642949,Yanic Konan,Niederhauser,2025-12-26 22:00:00,5.075,8.795366666666665,Clippers,Trail Blazers,0.3230958744484376
1630192,Zeke,Nnaji,2025-12-27 19:00:00,2.8381056963385753,13.218549495484565,Nuggets,Magic,0.4596695163635197
203994,Jusuf,Nurkic,2025-12-26 21:30:00,15.921693512811098,40.11252679477278,Jazz,Pistons,0.20454324838705218
1626220,Royce,O'Neale,2025-12-26 20:00:00,7.4967072786119875,34.078312631971045,Suns,Pelicans,0.33298489857100133
1629006,Josh,Okogie,2025-12-27 20:00:00,5.176683535735655,28.20430745938282,Rockets,Cavaliers,0.2550627022327389
1630168,Onyeka,Okongwu,2025-12-26 19:00:00,10.921047586968546,57.182889219592184,Hawks,Heat,0.25426971115691066
1630171,Isaac,Okoro,2025-12-26 19:30:00,6.247826829263135,22.210689651391327,Bulls,76ers,0.38961550890233615
1642950,Lachlan,Olbrich,2025-12-26 19:30:00,0.48,0.2281,Bulls,76ers,1.1707322644771174
203482,Kelly,Olynyk,2025-12-27 20:00:00,8.831299126101879,29.619554613077423,Spurs,Jazz,0.17080741989838877
1626162,Kelly,Oubre Jr.,2025-12-26 19:30:00,16.285180140850137,44.722526680267094,76ers,Bulls,0.2244537863298963
101108,Chris,Paul,2025-12-26 22:00:00,14.835180796182597,67.17458809533841,Clippers,Trail Blazers,0.16645395138537722
1627780,Gary,Payton II,2025-12-28 15:30:00,6.560952107588072,33.02245916107115,Warriors,Raptors,0.23640305650513083
1642877,Micah,Peavy,2025-12-26 20:00:00,2.8058637469586376,4.207163175535162,Pelicans,Suns,0.26166059453849266
1642869,Noah,Penda,2025-12-26 19:00:00,3.49,27.080006249999997,Magic,Hornets,0.4032421976779339
1643007,Taelon,Peter,2025-12-26 19:00:00,2.275,5.0251125,Pacers,Celtics,0.8059865330850221
1641809,Drew,Peterson,2025-12-26 19:00:00,2.428809818091703,4.234843075384367,Hornets,Magic,0.2399071313668951
1641763,Julian,Phillips,2025-12-26 19:30:00,4.212765651856282,27.880139392689774,Bulls,76ers,0.3363946316320272
1629618,Jalen,Pickett,2025-12-27 19:00:00,4.660679854819155,19.182905988348093,Nuggets,Magic,0.17393879705400253
1631342,Daeqwon,Plowden,2025-12-27 17:00:00,7.215,14.770425000000001,Kings,Mavericks,0.1389441465245469
203486,Mason,Plumlee,2025-12-26 19:00:00,8.720027527890247,22.9189449571103,Hornets,Magic,0.264260561325113
1641764,Brandin,Podziemski,2025-12-28 15:30:00,9.955920900942369,45.235493833945505,Warriors,Raptors,0.18653182529515605
1627751,Jakob,Poeltl,2025-12-26 19:00:00,6.864722907213589,37.08588203783923,Raptors,Wizards,0.22834541433654465
1629673,Jordan,Poole,2025-12-26 20:00:00,16.328194277568752,78.82387430729946,Pelicans,Suns,0.2158342343910453
1641854,Craig,Porter Jr.,2025-12-27 20:00:00,6.738600935620663,31.619301087337615,Cavaliers,Rockets,0.17897787854420277
1629645,Kevin,Porter Jr.,2025-12-26 20:00:00,23.103285300196976,59.37090054532758,Bucks,Grizzlies,0.07104982682907368
1629008,Michael,Porter Jr.,2025-12-27 20:00:00,20.846991892556,66.66862860007319,Nets,Timberwolves,0.16082000831566962
1626171,Bobby,Portis,2025-12-26 20:00:00,15.186895406798149,47.88668158352023,Bucks,Grizzlies,0.24364201390379706
204001,Kristaps,Porzingis,2025-12-26 19:00:00,20.96693380241852,55.55898483560751,Hawks,Heat,0.2454189945831755
1642366,Quinten,Post,2025-12-28 15:30:00,8.832112938541277,22.2906783604629,Warriors,Raptors,0.1717842590897821
1642962,Drake,Powell,2025-12-27 20:00:00,9.71,40.89550279510003,Nets,Timberwolves,0.18577254591676265
203939,Dwight,Powell,2025-12-27 17:00:00,6.46685097356828,24.77633522299823,Mavericks,Kings,0.3751653293267046
1626181,Norman,Powell,2025-12-26 19:00:00,23.338773946696453,58.06008032900397,Heat,Hawks,0.12282384703106995
1627752,Taurean,Prince,2025-12-26 20:00:00,9.043440962957154,24.586830966411963,Bucks,Grizzlies,0.2721225545880269
1630202,Payton,Pritchard,2025-12-26 19:00:00,9.344079366363736,89.19682145907082,Celtics,Pacers,0.20205615447674105
1642878,Tyrese,Proctor,2025-12-27 20:00:00,3.024286736378646,56.61207577222969,Cavaliers,Rockets,0.23512657174143306
1641765,Olivier-Maxence,Prosper,2025-12-26 20:00:00,5.52601223124445,18.226188395550267,Grizzlies,Bucks,0.179466812151218
1642852,Derik,Queen,2025-12-26 20:00:00,11.062858692003383,33.50551439321676,Pelicans,Suns,0.16512625548035545
1629674,Neemias,Queta,2025-12-26 19:00:00,3.925311757209064,40.697656342442954,Celtics,Pacers,0.3703843587813474
1630193,Immanuel,Quickley,2025-12-26 19:00:00,18.242318309811754,39.99422438549741,Raptors,Wizards,0.17043315689519456
203944,Julius,Randle,2025-12-27 20:00:00,21.89485506914365,48.033071664595376,Timberwolves,Nets,0.2582999547097132
1642875,Maxime,Raynaud,2025-12-27 17:00:00,10.938645978226186,74.60337047289639,Kings,Mavericks,0.17201740054300005
1641871,Duop,Reath,2025-12-26 22:00:00,1.989308990207391,22.953189716985122,Trail Blazers,Clippers,0.330685470637232
1630559,Austin,Reaves,2025-12-28 21:30:00,16.548500906266902,115.40847589302693,Lakers,Kings,0.24626923351542668
1630194,Paul,Reed,2025-12-26 21:30:00,2.332675499826612,19.7209502456519,Pistons,Jazz,0.6848523007062388
1641810,Antonio,Reeves,2025-12-26 19:00:00,2.5425153081035514,128.5035824933309,Hornets,Magic,0.40928685547620797
1629675,Naz,Reid,2025-12-27 20:00:00,13.433923238536888,37.53511919758016,Timberwolves,Nets,0.19598878443966264
1642954,Will,Richard,2025-12-28 15:30:00,4.7918289488505765,45.88578555342966,Warriors,Raptors,0.2619998476086545
1630208,Nick,Richards,2025-12-26 20:00:00,3.2570815840868477,23.681442480737662,Suns,Pelicans,0.3339080601072433
1642859,Jase,Richardson,2025-12-26 19:00:00,3.14,25.959980758714043,Magic,Hornets,0.2596710700559759
1642860,Will,Riley,2025-12-26 19:00:00,2.215,20.38751,Wizards,Raptors,0.359471024982422
1642258,Zaccharie,Risacher,2025-12-26 19:00:00,14.040063878235012,34.60359941734048,Hawks,Heat,0.1272698878339485
1629130,Duncan,Robinson,2025-12-26 21:30:00,12.75801452031929,34.28706473064048,Pistons,Jazz,0.2781824708723657
1629011,Mitchell,Robinson,2025-12-27 20:00:00,8.232287804349747,25.790338361723805,Knicks,Hawks,0.37270062218599853
1631115,Orlando,Robinson,2025-12-26 19:00:00,2.8912033422033465,42.997397261501256,Magic,Hornets,0.3248714581352934
1630526,Jeremiah,Robinson-Earl,2025-12-26 19:00:00,3.308877574641221,16.711454643543195,Pacers,Celtics,0.4404017348169548
1631157,Ryan,Rollins,2025-12-26 20:00:00,15.84426385189051,65.78874958345476,Bucks,Grizzlies,0.1410622415414901
1641712,Rayan,Rupert,2025-12-26 22:00:00,1.6698582773604027,12.76626093982029,Trail Blazers,Clippers,0.35867147450639864
1626156,D'Angelo,Russell,2025-12-27 17:00:00,15.234974435925706,78.17445632821281,Mavericks,Kings,0.2157674351159693
1627734,Domantas,Sabonis,2025-12-27 17:00:00,18.694955742213462,35.395054363829374,Kings,Mavericks,0.1892650394287238
1642275,Tidjane,Salaun,2025-12-26 19:00:00,5.551891788219427,34.100228548129735,Hornets,Magic,0.3248180531947614
1642282,Hunter,Sallis,2025-12-26 19:30:00,1.29,1.1130499999999999,76ers,Bulls,1.2163506086147111
1642920,Kobe,Sanders,2025-12-26 22:00:00,4.477611336032389,20.595231482366255,Clippers,Trail Blazers,0.20184783858757452
1630611,Gui,Santos,2025-12-28 15:30:00,2.7497352647075757,10.937732652719786,Warriors,Raptors,0.3873400335249042
1642879,Ben,Saraf,2025-12-27 20:00:00,4.505,26.37451666666666,Nets,Timberwolves,0.294245261615675
203967,Dario,Saric,2025-12-27 17:00:00,8.856580992958463,26.686999353421832,Kings,Mavericks,0.2028831609199945
1642259,Alex,Sarr,2025-12-26 19:00:00,9.673248600357871,85.02415396401986,Wizards,Raptors,0.23999814512532333
1631204,Marcus,Sasser,2025-12-26 21:30:00,6.737164416494107,48.833069324251504,Pistons,Jazz,0.2892952817172319
1631248,Baylor,Scheierman,2025-12-26 19:00:00,1.8916071738381726,18.649553980867168,Celtics,Pacers,0.41387931063305394
203471,Dennis,Schroder,2025-12-27 17:00:00,14.61864560927145,46.17553977586169,Kings,Mavericks,0.17322208491959581
1641813,Mark,Sears,2025-12-26 20:00:00,3.305,7.652124999999999,Bucks,Grizzlies,0.31924329416775293
1630578,Alperen,Sengun,2025-12-27 20:00:00,19.661815201438095,60.4629107986385,Rockets,Cavaliers,0.20818108171891028
1641729,Brice,Sensabaugh,2025-12-26 21:30:00,13.243474095818556,32.338502696021386,Jazz,Pistons,0.13765874661316857
1629012,Collin,Sexton,2025-12-26 19:00:00,14.48085681448787,33.86582272600954,Hornets,Magic,0.2694356760503485
1629013,Landry,Shamet,2025-12-27 20:00:00,8.869331103218457,39.080038921842096,Knicks,Hawks,0.21123532671822953
1630545,Terrence,Shannon Jr.,2025-12-27 20:00:00,0.9549717450059064,28.04140624578175,Timberwolves,Nets,0.47571281721371633
1630549,Day'Ron,Sharpe,2025-12-27 20:00:00,5.905312115063065,20.275150573160595,Nets,Timberwolves,0.2813423947889869
1631101,Shaedon,Sharpe,2025-12-26 22:00:00,17.59246979437024,62.968500538843855,Trail Blazers,Clippers,0.1857097146891302
1642347,Jamal,Shead,2025-12-26 19:00:00,5.402527771990188,21.972767187894064,Raptors,Wizards,0.271745415512467
1641767,Ben,Sheppard,2025-12-26 19:00:00,5.5064009509214085,21.40595546508192,Pacers,Celtics,0.2918571784026331
1642263,Reed,Sheppard,2025-12-27 20:00:00,12.472992224638439,131.299295403049,Rockets,Cavaliers,0.13420728557909262
1627783,Pascal,Siakam,2025-12-26 19:00:00,22.15311591726879,47.62565477051821,Pacers,Celtics,0.2477467663922171
1629014,Anfernee,Simons,2025-12-26 19:00:00,14.357767030524098,63.43654044398629,Celtics,Pacers,0.12122972820255305
1642354,KJ,Simpson,2025-12-26 19:00:00,7.51585576151205,35.152369852927855,Hornets,Magic,0.2719895481353708
1630579,Jericho,Sims,2025-12-26 20:00:00,3.5782645517891103,10.207915554520346,Bucks,Grizzlies,0.34986084311970533
1642914,Javon,Small,2025-12-26 20:00:00,6.74,39.52565,Grizzlies,Bucks,0.15938931890945446
203935,Marcus,Smart,2025-12-28 21:30:00,12.381830151978892,35.21423526092467,Lakers,Kings,0.17520251828820588
1630696,Dru,Smith,2025-12-26 19:00:00,6.868808090140098,12.660454768334361,Heat,Hawks,0.2691037595519053
1630188,Jalen,Smith,2025-12-26 19:30:00,6.849338872216162,22.835590462556862,Bulls,76ers,0.2930616256038878
1642449,Tolu,Smith,2025-12-26 21:30:00,7.725,8.3126125,Pistons,Jazz,0.21176474251985478
1631095,Jabari,Smith Jr.,2025-12-27 20:00:00,13.732180797544483,36.86399987295751,Rockets,Cavaliers,0.22033324501179793
1641733,Nick,Smith Jr.,2025-12-28 21:30:00,12.571155209073222,57.17096358719839,Lakers,Kings,0.1695063662199096
1631110,Jeremy,Sochan,2025-12-27 20:00:00,9.292874708474793,44.63706186427163,Spurs,Jazz,0.21024929009385007
1642285,Cam,Spencer,2025-12-26 20:00:00,10.655284185514661,49.74443670425499,Grizzlies,Bucks,0.20149134421014922
1630311,Pat,Spencer,2025-12-28 15:30:00,2.2947293227923593,49.28784082594569,Warriors,Raptors,0.31940022909205484
1630191,Isaiah,Stewart,2025-12-26 21:30:00,10.506578013341159,25.884438552167666,Pistons,Jazz,0.30079274398646844
1631124,Julian,Strawther,2025-12-27 19:00:00,6.2965216639642065,27.506903778583737,Nuggets,Magic,0.19132947103498468
1630591,Jalen,Suggs,2025-12-26 19:00:00,11.690727419143798,69.32207008393654,Magic,Hornets,0.225646804727945
1630256,Jae'Sean,Tate,2025-12-27 20:00:00,4.503594471502559,13.1831298454179,Rockets,Cavaliers,0.36304499365695214
1643141,Jahmyl,Telfort,2025-12-26 22:00:00,0.33,0.138125,Clippers,Trail Blazers,2.1266970502955673
202066,Garrett,Temple,2025-12-26 19:00:00,2.877826949076073,19.57313812206389,Raptors,Wizards,0.4539710539595417
1631207,Dalen,Terry,2025-12-26 19:30:00,2.713469913679043,18.398234091391576,Bulls,76ers,0.3780160359939152
1642876,Adou,Thiero,2025-12-28 21:30:00,1.36,10.769,Lakers,Kings,0.5277504136509363
1630560,Cam,Thomas,2025-12-27 20:00:00,12.217091145289318,89.97291201023947,Nets,Timberwolves,0.09556931097642893
1641708,Amen,Thompson,2025-12-27 20:00:00,13.177557271522728,52.2951389383136,Rockets,Cavaliers,0.19778079485540953
1641709,Ausar,Thompson,2025-12-26 21:30:00,13.271903153683972,21.29211056863839,Pistons,Jazz,0.24995464747958035
1630679,Ethan,Thompson,2025-12-26 19:00:00,4.5,15.14933125,Pacers,Celtics,0.21606790785072144
202691,Klay,Thompson,2025-12-27 17:00:00,14.208400260418275,73.66142868421305,Mavericks,Kings,0.13895786356033943
1629680,Matisse,Thybulle,2025-12-26 22:00:00,5.218295803642076,20.6978877092109,Trail Blazers,Clippers,0.23535439261104296
1630214,Xavier,Tillman,2025-12-26 19:00:00,4.585764471290336,20.726692051803496,Celtics,Pacers,0.3513117298974023
1631166,Drew,Timme,2025-12-28 21:30:00,13.105,130.01906250000002,Lakers,Kings,0.2704285933946177
1641772,Nae'Qwan,Tomlin,2025-12-27 20:00:00,7.444439498966224,25.879643499477556,Cavaliers,Rockets,0.1963605757123895
1631210,Jacob,Toppin,2025-12-26 19:00:00,1.4188434541250627,79.95937515060334,Hawks,Heat,0.3662782825893688
1630167,Obi,Toppin,2025-12-26 19:00:00,9.900045628381216,41.77887999076117,Pacers,Celtics,0.16286558234133597
1626157,Karl-Anthony,Towns,2025-12-27 20:00:00,24.705530463734675,72.68401941322185,Knicks,Hawks,0.1291764009463544
1642849,Nolan,Traore,2025-12-27 20:00:00,1.245,37.8828125,Nets,Timberwolves,0.6502595256611083
1631247,Luke,Travers,2025-12-27 20:00:00,0.825,4.7403686864849846,Cavaliers,Rockets,0.5551808492558674
1629018,Gary,Trent Jr.,2025-12-26 20:00:00,10.031575395948405,49.08224803700324,Bucks,Grizzlies,0.17499432891355227
1626167,Myles,Turner,2025-12-26 20:00:00,15.715876547853508,34.56087651154727,Bucks,Grizzlies,0.21464220240550175
1641816,Hunter,Tyson,2025-12-27 19:00:00,2.7923856083099423,10.249657818073088,Nuggets,Magic,0.18767531272950963
1642281,Jaylon,Tyson,2025-12-27 20:00:00,11.31155213439449,58.395168395228815,Cavaliers,Rockets,0.12945429733925362
202685,Jonas,Valanciunas,2025-12-27 19:00:00,15.832731514950055,47.009395136475,Nuggets,Magic,0.25391084804074243
1629020,Jarred,Vanderbilt,2025-12-28 21:30:00,6.475330667048358,15.951096070089976,Lakers,Kings,0.4052760851967349
1630170,Devin,Vassell,2025-12-27 20:00:00,14.147961106260556,51.811015584373585,Spurs,Jazz,0.2257839718000293
1629216,Gabe,Vincent,2025-12-28 21:30:00,3.323180084948809,33.95898630859466,Lakers,Kings,0.3019316405275607
202696,Nikola,Vucevic,2025-12-26 19:30:00,19.27837326944045,49.690780637003144,Bulls,76ers,0.3367654679946076
1641774,Tristan,Vukcevic,2025-12-26 19:00:00,4.794707322072482,48.298936663398,Wizards,Raptors,0.19847608871246283
1629731,Dean,Wade,2025-12-27 20:00:00,7.340265149696937,16.823157026111048,Cavaliers,Rockets,0.23462299549726012
1630532,Franz,Wagner,2025-12-26 19:00:00,18.629433075689402,53.076046453676575,Magic,Hornets,0.12899745538201426
1631133,Jabari,Walker,2025-12-26 19:30:00,6.747573902206068,23.82919394040454,76ers,Bulls,0.22238486645746158
1641716,Jarace,Walker,2025-12-26 19:00:00,4.649535349934277,32.469126452599106,Pacers,Celtics,0.2810289329025558
1641717,Cason,Wallace,2025-12-28 15:30:00,7.716169046029352,12.262813649166118,Thunder,76ers,0.2578636364580884
1630811,Keaton,Wallace,2025-12-26 19:00:00,5.252870574339136,14.751221987441559,Hawks,Heat,0.2136665504281625
1641775,Jordan,Walsh,2025-12-26 19:00:00,2.6381771498333917,46.72387774925615,Celtics,Pacers,0.2916334106839937
1642266,Ja'Kobe,Walter,2025-12-26 19:00:00,6.201325949373613,38.48288929663855,Raptors,Wizards,0.18186948510515438
1642276,Kel'el,Ware,2025-12-26 19:00:00,14.876787323193723,69.4620383721596,Heat,Hawks,0.1190171255417335
1629023,P.J.,Washington,2025-12-27 17:00:00,11.481770117849342,53.38563834059637,Mavericks,Kings,0.23582764913272217
1630322,Lindy,Waters III,2025-12-27 20:00:00,5.948970291465562,19.139454732684197,Spurs,Jazz,0.3189309691426993
1630570,Trendon,Watford,2025-12-26 19:30:00,6.826151708065393,38.602068856522706,76ers,Bulls,0.26181506335713395
1642364,Jamir,Watkins,2025-12-26 19:00:00,3.28,2.009866666666666,Wizards,Raptors,0.19191206853231182
1631212,Peyton,Watson,2025-12-27 19:00:00,9.330198067416333,40.0784994837194,Nuggets,Magic,0.20340777280151187
1642377,Jaylen,Wells,2025-12-26 20:00:00,14.25899915845595,39.58802564379079,Grizzlies,Bucks,0.12599566659943987
1641705,Victor,Wembanyama,2025-12-27 20:00:00,21.37679533628406,61.40271637705026,Spurs,Jazz,0.1874551572928298
1631104,Blake,Wesley,2025-12-26 22:00:00,3.986126856227798,13.59824468881774,Trail Blazers,Clippers,0.27446490535432383
201566,Russell,Westbrook,2025-12-27 17:00:00,26.202716754617622,74.98665181199668,Kings,Mavericks,0.11967740322534635
1629632,Coby,White,2025-12-26 19:30:00,16.103346422685483,66.1211911172367,Bulls,76ers,0.19540066092730315
1628401,Derrick,White,2025-12-26 19:00:00,17.132338121319847,50.71565254100193,Celtics,Pacers,0.15162393754591655
1641715,Cam,Whitmore,2025-12-26 19:00:00,10.701533069514902,43.79899688894606,Wizards,Raptors,0.14307728383469617
1630598,Aaron,Wiggins,2025-12-28 15:30:00,6.048746935034078,62.153084147145485,Thunder,76ers,0.36020490932530846
203952,Andrew,Wiggins,2025-12-26 19:00:00,17.95232201464077,58.362114246064344,Heat,Hawks,0.25071157029310936
1642873,Amari,Williams,2025-12-26 19:00:00,0.535,0.472825,Celtics,Pacers,1.4019648285784418
1630314,Brandon,Williams,2025-12-27 17:00:00,5.7548304774567836,24.751581285455206,Mavericks,Kings,0.14508554314161312
1642262,Cody,Williams,2025-12-26 21:30:00,7.228649517868138,20.81515707604398,Jazz,Pistons,0.24058802204126198
1631114,Jalen,Williams,2025-12-28 15:30:00,18.354852907683583,50.30759481738816,Thunder,76ers,0.18306141342756826
1631119,Jaylin,Williams,2025-12-28 15:30:00,5.016276233288687,20.85174570115039,Thunder,76ers,0.3865923145889685
1629026,Kenrich,Williams,2025-12-28 15:30:00,5.608423571372218,19.226007698778876,Thunder,76ers,0.3039692966576371
1631109,Mark,Williams,2025-12-26 20:00:00,10.266728337908928,49.34898822966794,Suns,Pelicans,0.184905184784766
1630172,Patrick,Williams,2025-12-26 19:30:00,7.859627699363115,22.63475503654729,Bulls,76ers,0.27917805124754996
1630533,Ziaire,Williams,2025-12-27 20:00:00,10.222409919003857,36.57695626198009,Nets,Timberwolves,0.14202271534638808
1629057,Robert,Williams III,2025-12-26 22:00:00,6.270463477134343,14.696182245531183,Trail Blazers,Clippers,0.337880098663681
1631246,Vince,Williams Jr.,2025-12-26 20:00:00,6.937188662703855,25.98659106832748,Grizzlies,Bucks,0.21361307617095107
1629627,Zion,Williamson,2025-12-26 20:00:00,21.88391143047979,54.72136252974888,Pelicans,Suns,0.14578499630647362
1630592,Jalen,Wilson,2025-12-27 20:00:00,4.6445617454062615,27.326343125021364,Nets,Timberwolves,0.3414924977259019
1630164,James,Wiseman,2025-12-26 19:00:00,4.714968173280795,32.53252549569913,Pacers,Celtics,0.3478294530535607
1642874,Danny,Wolf,2025-12-27 20:00:00,6.95,38.857430863412425,Nets,Timberwolves,0.14579133894689847
1627824,Guerschon,Yabusele,2025-12-27 20:00:00,6.064539380574217,31.783334687870024,Knicks,Hawks,0.18357853510541755
1642905,Hansen,Yang,2025-12-26 22:00:00,4.475,5.433516666666666,Trail Blazers,Clippers,0.2729819019851317
1642443,Jahmir,Young,2025-12-26 19:00:00,2.92,7.964341666666667,Heat,Hawks,0.31760278654219537
1629027,Trae,Young,2025-12-26 19:00:00,22.160072311926605,86.42064974102624,Hawks,Heat,0.14594647903033459
1642959,Chris,Youngblood,2025-12-28 15:30:00,2.651321419934636,3.2178279091714765,Thunder,76ers,0.5110633318252948
1627826,Ivica,Zubac,2025-12-26 22:00:00,8.57086734370558,63.943645316918925,Clippers,Trail Blazers,0.42302534791655755
1641783,Tristan,da Silva,2025-12-26 19:00:00,9.999860365613454,50.39537791562176,Magic,Hornets,0.17280973995841672
